genet,2017 Class name,2017 Object id,2017 Area,2018 Class name,2018 Object id,2018 Area,2019 Class name,2019 Object id,2019 Area,2020 Class name,2020 Object id,2020 Area
0,Pocillopora_dead  ,0  ,96.67  ,,,,Pocillopora_dead  Pocillopora_dead  Pocillopora_dead  ,1  27  55  ,315.25  491.62  50.79  ,Pocillopora_dead  Pocillopora_dead  ,4  3  ,5.49  1448.85  
1,Pocillopora  ,1  ,373.34  ,Pocillopora  ,4  ,247.06  ,Pocillopora  ,4  ,297.62  ,Pocillopora  ,6  ,242.5  
2,Pocillopora  ,2  ,260.4  ,Pocillopora  ,3  ,300.26  ,Pocillopora  ,2  ,312.9  ,Pocillopora  ,9  ,220.73  
3,Pocillopora  ,3  ,53.99  ,Pocillopora  ,5  ,70.44  ,Pocillopora  ,7  ,105.97  ,Pocillopora  ,7  ,66.66  
4,Pocillopora  ,4  ,295.11  ,Pocillopora  Pocillopora  ,7  22  ,72.7  178.11  ,,,,,,
5,Pocillopora  ,5  ,401.96  ,Pocillopora  ,6  ,591.63  ,,,,Pocillopora  ,22  ,322.86  
6,Pocillopora_dead  ,6  ,89.32  ,,,,,,,,,
7,Pocillopora  Pocillopora  ,7  15  ,454.13  3.47  ,Pocillopora  ,21  ,458.53  ,,,,,,
8,Pocillopora  ,8  ,154.54  ,Pocillopora  ,14  ,189.02  ,Pocillopora  ,13  ,245.73  ,Pocillopora  ,15  ,217.11  
9,Pocillopora  ,9  ,209.98  ,Pocillopora  Pocillopora  ,12  28  ,122.95  178.87  ,Pocillopora  ,11  ,144.89  ,Pocillopora  ,13  ,133.88  
10,Pocillopora  ,10  ,25.17  ,,,,Pocillopora  ,17  ,53.0  ,,,
11,Pocillopora  ,11  ,120.47  ,Pocillopora  ,15  ,196.3  ,,,,,,
12,Pocillopora  ,12  ,194.85  ,Pocillopora  ,20  ,186.93  ,Pocillopora  Pocillopora  ,16  24  ,46.48  89.22  ,,,
13,Pocillopora  ,13  ,218.79  ,Pocillopora  ,18  ,317.36  ,Pocillopora  ,15  ,406.8  ,Pocillopora  ,19  ,288.56  
14,Pocillopora  ,14  ,191.63  ,Pocillopora  ,16  ,240.56  ,Pocillopora  ,9  ,217.12  ,Pocillopora  ,16  ,35.87  
15,Pocillopora_dead  ,16  ,8.69  ,,,,,,,,,
16,Pocillopora  ,17  ,28.37  ,,,,,,,,,
17,Pocillopora  ,18  ,124.01  ,Pocillopora  Pocillopora  ,23  34  ,18.55  26.3  ,,,,,,
18,Pocillopora_dead  ,19  ,303.35  ,,,,,,,,,
19,Pocillopora_dead  ,20  ,7.51  ,,,,,,,,,
20,Pocillopora  ,21  ,132.91  ,Pocillopora  ,29  ,166.98  ,Pocillopora  ,25  ,193.34  ,Pocillopora  ,27  ,145.82  
21,Pocillopora  ,22  ,46.52  ,Pocillopora  ,25  ,63.42  ,Pocillopora  ,20  ,79.78  ,Pocillopora  ,24  ,55.29  
22,Pocillopora_dead  ,23  ,32.32  ,,,,,,,,,
23,Pocillopora  ,24  ,338.76  ,Pocillopora  ,30  ,401.68  ,,,,,,
24,Pocillopora  ,25  ,8.05  ,Pocillopora  ,31  ,12.14  ,Pocillopora  ,28  ,14.11  ,,,
25,Pocillopora_dead  ,26  ,11.59  ,,,,,,,,,
26,Pocillopora  ,27  ,107.37  ,,,,,,,,,
27,Pocillopora  ,28  ,360.83  ,Pocillopora  ,32  ,404.78  ,,,,,,
28,Pocillopora  ,29  ,203.01  ,Pocillopora  ,19  ,422.17  ,,,,,,
29,Pocillopora  Pocillopora  ,30  48  ,358.99  530.13  ,Pocillopora  Pocillopora  Pocillopora  Pocillopora  ,33  58  68  75  ,591.41  81.41  9.54  105.9  ,Pocillopora  Pocillopora  Pocillopora  ,30  51  54  ,189.06  74.98  60.1  ,Pocillopora  Pocillopora  ,28  48  ,118.35  87.29  
30,Pocillopora  ,31  ,145.08  ,Pocillopora  ,37  ,125.03  ,Pocillopora  ,32  ,137.22  ,,,
31,Pocillopora_dead  ,32  ,42.56  ,Pocillopora_dead  ,35  ,23.32  ,,,,,,
32,Pocillopora  ,33  ,160.54  ,,,,,,,,,
33,Pocillopora  ,34  ,2.29  ,,,,,,,,,
34,Pocillopora  ,35  ,98.39  ,,,,,,,,,
35,Pocillopora  ,36  ,28.05  ,Pocillopora  ,36  ,25.63  ,Pocillopora  ,33  ,38.93  ,Pocillopora  ,31  ,32.17  
36,Pocillopora  ,37  ,113.24  ,Pocillopora  ,38  ,143.61  ,Pocillopora  ,35  ,204.34  ,Pocillopora  ,30  ,240.09  
37,Pocillopora  ,38  ,47.08  ,Pocillopora  ,41  ,74.0  ,Pocillopora  ,34  ,110.09  ,Pocillopora  ,32  ,105.8  
38,Pocillopora  ,39  ,584.95  ,Pocillopora  ,42  ,684.04  ,Pocillopora  ,36  ,780.61  ,Pocillopora  Pocillopora  ,34  38  ,535.71  66.0  
39,Pocillopora  ,40  ,0.67  ,Pocillopora  ,40  ,30.26  ,Pocillopora  ,39  ,22.97  ,,,
40,Pocillopora_dead  ,41  ,71.74  ,Pocillopora_dead  ,46  ,89.82  ,,,,,,
41,Pocillopora_dead  ,42  ,5.28  ,,,,,,,,,
42,Pocillopora  ,43  ,582.71  ,Pocillopora  Pocillopora  ,47  90  ,543.91  36.89  ,Pocillopora  ,42  ,542.06  ,Pocillopora  ,37  ,383.26  
43,Pocillopora  ,44  ,56.4  ,Pocillopora  ,48  ,65.64  ,Pocillopora  ,44  ,58.69  ,,,
44,Pocillopora  Pocillopora  Pocillopora  ,45  51  57  ,204.85  65.88  97.98  ,Pocillopora  Pocillopora  Pocillopora  ,49  54  67  ,247.43  32.94  53.82  ,Pocillopora  Pocillopora  ,43  61  ,322.12  42.89  ,Pocillopora  ,40  ,377.49  
45,Pocillopora  ,46  ,29.92  ,Pocillopora  ,53  ,8.72  ,,,,,,
46,Pocillopora_dead  ,47  ,13.5  ,Pocillopora_dead  ,44  ,187.93  ,Pocillopora_dead  ,31  ,196.24  ,Pocillopora_dead  ,33  ,2059.68  
47,Pocillopora  ,49  ,37.91  ,,,,,,,,,
48,Pocillopora  ,50  ,318.23  ,Pocillopora  ,52  ,321.95  ,Pocillopora  ,45  ,336.63  ,Pocillopora  ,54  ,170.86  
49,Pocillopora  ,52  ,204.69  ,Pocillopora  Pocillopora  Pocillopora  ,56  65  76  ,95.2  9.53  3.67  ,,,,,,
50,Pocillopora  ,53  ,364.8  ,Pocillopora  ,57  ,295.91  ,Pocillopora  ,47  ,334.72  ,Pocillopora  ,46  ,78.66  
51,Pocillopora  ,54  ,145.78  ,Pocillopora  ,60  ,143.79  ,Pocillopora  ,50  ,171.84  ,Pocillopora  ,50  ,18.34  
52,Pocillopora  ,55  ,192.89  ,,,,,,,,,
53,Pocillopora  ,56  ,18.22  ,Pocillopora  ,61  ,44.58  ,,,,,,
54,Pocillopora  ,58  ,101.63  ,Pocillopora  ,63  ,117.65  ,Pocillopora  Pocillopora  ,57  68  ,21.86  34.36  ,,,
55,Pocillopora  Pocillopora  ,59  68  ,152.09  145.73  ,Pocillopora  ,64  ,323.37  ,Pocillopora  ,58  ,182.46  ,Pocillopora  ,55  ,3.84  
56,Pocillopora  ,60  ,170.4  ,,,,,,,,,
57,Pocillopora_dead  Pocillopora_dead  Pocillopora_dead  Pocillopora_dead  Pocillopora_dead  Pocillopora_dead  Pocillopora_dead  Pocillopora_dead  Pocillopora_dead  Pocillopora_dead  Pocillopora_dead  Pocillopora_dead  ,61  70  77  117  127  130  139  157  160  165  168  190  ,454.03  3.09  2.55  187.05  22.14  34.23  2.23  5.07  54.7  54.22  6.59  6.78  ,Pocillopora_dead  Pocillopora_dead  Pocillopora_dead  Pocillopora_dead  Pocillopora_dead  Pocillopora_dead  ,104  149  153  169  188  196  ,84.05  9.3  126.37  43.79  55.32  64.68  ,Pocillopora_dead  Pocillopora_dead  Pocillopora_dead  Pocillopora_dead  Pocillopora_dead  ,72  97  115  117  165  ,362.49  466.72  291.52  845.03  331.01  ,Pocillopora_dead  Pocillopora_dead  ,157  49  ,77.42  10240.55  
58,Pocillopora  ,62  ,64.9  ,Pocillopora  ,71  ,92.07  ,Pocillopora  ,64  ,104.25  ,Pocillopora  ,61  ,153.4  
59,Pocillopora  ,63  ,136.55  ,Pocillopora  ,70  ,176.28  ,Pocillopora  ,60  ,223.8  ,Pocillopora  ,57  ,259.01  
60,Pocillopora_dead  ,64  ,18.3  ,,,,,,,,,
61,Pocillopora  ,65  ,271.15  ,Pocillopora  ,72  ,340.4  ,,,,,,
62,Pocillopora  ,66  ,155.16  ,Pocillopora  ,79  ,138.11  ,Pocillopora  ,69  ,163.02  ,Pocillopora  ,65  ,117.55  
63,Pocillopora  ,67  ,764.48  ,Pocillopora  Pocillopora  Pocillopora  Pocillopora  ,73  108  111  114  ,222.73  15.53  24.49  2.81  ,Pocillopora  Pocillopora  ,62  96  ,260.49  20.27  ,,,
64,Pocillopora  ,69  ,28.64  ,Pocillopora  ,78  ,18.99  ,Pocillopora  ,65  ,31.29  ,Pocillopora  ,66  ,24.49  
65,Pocillopora  ,71  ,166.33  ,Pocillopora  ,82  ,209.17  ,Pocillopora  ,71  ,261.59  ,Pocillopora  ,67  ,210.81  
66,Pocillopora  ,72  ,183.15  ,,,,,,,,,
67,Pocillopora  ,73  ,225.79  ,Pocillopora  ,80  ,267.22  ,Pocillopora  ,70  ,289.33  ,Pocillopora  ,64  ,333.78  
68,Pocillopora_dead  ,74  ,5.36  ,,,,,,,,,
69,Pocillopora  ,75  ,87.96  ,Pocillopora  ,92  ,59.76  ,,,,,,
70,Pocillopora  Pocillopora  ,76  91  ,315.23  451.89  ,Pocillopora  ,87  ,953.26  ,Pocillopora  ,74  ,344.45  ,,,
71,Pocillopora  ,78  ,344.25  ,Pocillopora  ,88  ,378.93  ,Pocillopora  ,73  ,408.14  ,Pocillopora  ,68  ,389.12  
72,Pocillopora  ,79  ,245.59  ,Pocillopora  ,94  ,231.09  ,,,,,,
73,Pocillopora  ,80  ,4.82  ,,,,,,,,,
74,Pocillopora  ,81  ,52.31  ,Pocillopora  ,89  ,123.6  ,,,,,,
75,Pocillopora  ,82  ,26.24  ,Pocillopora  ,85  ,72.79  ,,,,,,
76,Pocillopora  ,83  ,145.88  ,Pocillopora  ,97  ,137.37  ,Pocillopora  ,89  ,66.24  ,,,
77,Pocillopora  ,84  ,86.82  ,Pocillopora  ,96  ,126.25  ,Pocillopora  ,79  ,154.06  ,Pocillopora  ,74  ,149.54  
78,Pocillopora  ,85  ,247.79  ,Pocillopora  ,95  ,385.88  ,,,,,,
79,Pocillopora  ,86  ,164.65  ,Pocillopora  ,98  ,218.81  ,,,,,,
80,Pocillopora  ,87  ,962.35  ,Pocillopora  Pocillopora  ,103  107  ,229.31  868.35  ,,,,Pocillopora  ,78  ,137.13  
81,Pocillopora  ,88  ,112.59  ,Pocillopora  ,101  ,114.38  ,Pocillopora  ,85  ,70.55  ,,,
82,Pocillopora  ,89  ,176.01  ,Pocillopora  ,105  ,135.99  ,,,,,,
83,Pocillopora_dead  Pocillopora_dead  ,90  105  ,16.66  38.61  ,Pocillopora_dead  ,117  ,54.5  ,Pocillopora_dead  Pocillopora_dead  ,67  82  ,178.05  664.87  ,Pocillopora_dead  ,58  ,1310.31  
84,Pocillopora  ,92  ,38.35  ,Pocillopora  ,106  ,216.87  ,,,,,,
85,Pocillopora  ,93  ,404.31  ,Pocillopora  ,110  ,452.62  ,,,,,,
86,Pocillopora  ,94  ,42.73  ,Pocillopora  ,100  ,81.83  ,,,,,,
87,Pocillopora  ,95  ,79.07  ,Pocillopora  ,113  ,115.62  ,Pocillopora  ,95  ,170.57  ,Pocillopora  ,85  ,204.32  
88,Pocillopora  ,96  ,351.76  ,Pocillopora  ,125  ,376.76  ,Pocillopora  ,102  ,394.87  ,Pocillopora  ,94  ,309.98  
89,Pocillopora_dead  Pocillopora_dead  ,97  159  ,44.84  7.42  ,Pocillopora_dead  ,112  ,69.24  ,Pocillopora_dead  ,83  ,277.4  ,Pocillopora_dead  ,109  ,5779.4  
90,Pocillopora  ,98  ,2.9  ,,,,,,,,,
91,Pocillopora  ,99  ,87.76  ,Pocillopora  ,118  ,115.15  ,Pocillopora  ,98  ,153.02  ,Pocillopora  ,87  ,96.42  
92,Pocillopora  ,100  ,294.72  ,Pocillopora  ,115  ,375.99  ,,,,,,
93,Pocillopora  ,101  ,138.38  ,Pocillopora  ,122  ,196.19  ,Pocillopora  ,100  ,234.46  ,Pocillopora  ,89  ,232.88  
94,Pocillopora  ,102  ,167.44  ,Pocillopora  ,127  ,200.35  ,,,,,,
95,Pocillopora  ,103  ,61.36  ,Pocillopora  ,124  ,81.69  ,Pocillopora  ,103  ,96.88  ,Pocillopora  ,91  ,74.11  
96,Pocillopora_dead  ,104  ,18.09  ,,,,,,,,,
97,Pocillopora  ,106  ,176.3  ,Pocillopora  Pocillopora  ,129  131  ,106.97  43.94  ,Pocillopora  ,107  ,141.51  ,Pocillopora  ,93  ,134.2  
98,Pocillopora  Pocillopora  ,107  110  ,69.78  328.3  ,Pocillopora  ,119  ,486.76  ,Pocillopora  ,101  ,538.71  ,Pocillopora  Pocillopora  Pocillopora  ,96  110  92  ,9.26  3.74  21.13  
99,Pocillopora  ,108  ,56.35  ,Pocillopora  ,130  ,64.59  ,,,,,,
100,Pocillopora  ,109  ,72.65  ,Pocillopora  ,135  ,63.53  ,,,,,,
101,Pocillopora  ,111  ,47.48  ,Pocillopora  ,134  ,67.24  ,Pocillopora  ,110  ,87.1  ,Pocillopora  ,99  ,59.61  
102,Pocillopora  ,112  ,147.71  ,Pocillopora  ,136  ,161.62  ,,,,,,
103,Pocillopora  ,113  ,488.17  ,Pocillopora  Pocillopora  ,132  172  ,295.68  224.73  ,Pocillopora  ,140  ,229.91  ,Pocillopora  ,126  ,169.36  
104,Pocillopora  ,114  ,71.61  ,Pocillopora  ,140  ,76.02  ,Pocillopora  ,121  ,61.01  ,Pocillopora  ,100  ,22.32  
105,Pocillopora  ,115  ,37.85  ,,,,,,,,,
106,Pocillopora  ,116  ,58.76  ,Pocillopora  ,137  ,68.91  ,Pocillopora  ,114  ,108.45  ,Pocillopora  ,98  ,104.27  
107,Pocillopora  ,118  ,369.56  ,Pocillopora  ,145  ,273.51  ,Pocillopora  ,119  ,164.56  ,Pocillopora  ,103  ,170.69  
108,Pocillopora_dead  ,119  ,30.86  ,,,,,,,,,
109,Pocillopora  ,120  ,65.69  ,,,,,,,,,
110,Pocillopora_dead  ,121  ,4.81  ,,,,,,,,,
111,Pocillopora  ,122  ,347.61  ,Pocillopora  ,143  ,496.73  ,,,,,,
112,Pocillopora  ,123  ,83.08  ,Pocillopora  ,147  ,99.71  ,Pocillopora  ,124  ,89.72  ,Pocillopora  ,111  ,70.7  
113,Acropora  ,124  ,64.08  ,Acropora  ,141  ,81.67  ,,,,,,
114,Pocillopora  ,125  ,521.71  ,Pocillopora  ,144  ,612.72  ,,,,,,
115,Pocillopora  ,126  ,205.94  ,Pocillopora  ,146  ,249.98  ,Pocillopora  ,122  ,309.32  ,Pocillopora  ,104  ,347.9  
116,Pocillopora_dead  ,128  ,113.08  ,Pocillopora_dead  ,158  ,68.32  ,Pocillopora_dead  ,131  ,123.63  ,,,
117,Pocillopora  ,129  ,227.45  ,Pocillopora  Pocillopora  ,156  162  ,62.48  126.6  ,Pocillopora  Pocillopora  Pocillopora  ,129  130  141  ,157.21  12.4  13.39  ,Pocillopora  ,118  ,151.43  
118,Pocillopora  ,131  ,627.43  ,Pocillopora  ,151  ,826.83  ,,,,,,
119,Pocillopora  ,132  ,25.35  ,,,,,,,,,
120,Pocillopora  ,133  ,44.32  ,,,,,,,,,
121,Pocillopora  ,134  ,213.89  ,Pocillopora  ,155  ,242.61  ,Pocillopora  ,127  ,275.18  ,Pocillopora  ,120  ,217.4  
122,Pocillopora  ,135  ,37.89  ,Pocillopora  ,160  ,61.93  ,Pocillopora  ,128  ,75.05  ,,,
123,Pocillopora  ,136  ,25.79  ,Pocillopora  ,159  ,61.27  ,,,,,,
124,Pocillopora  ,137  ,118.94  ,,,,,,,,,
125,Pocillopora  Pocillopora  ,138  173  ,251.63  256.58  ,Pocillopora  ,167  ,529.13  ,,,,,,
126,Acropora  ,140  ,13.12  ,Acropora  ,163  ,32.88  ,,,,,,
127,Pocillopora_dead  ,141  ,3.52  ,,,,,,,,,
128,Pocillopora_dead  ,142  ,17.16  ,,,,,,,,,
129,Pocillopora  ,143  ,30.07  ,Pocillopora  ,164  ,53.94  ,Pocillopora  ,133  ,76.59  ,,,
130,Pocillopora  ,144  ,146.44  ,Pocillopora  ,170  ,165.21  ,Pocillopora  ,137  ,59.71  ,,,
131,Pocillopora  ,145  ,76.95  ,Pocillopora  Pocillopora  ,175  194  ,80.91  34.85  ,Pocillopora  Pocillopora  ,142  155  ,99.92  56.97  ,Pocillopora  ,128  ,145.23  
132,Pocillopora  ,146  ,177.89  ,Pocillopora  ,171  ,316.26  ,Pocillopora  ,136  ,258.88  ,Pocillopora  Pocillopora  ,121  148  ,193.15  84.79  
133,Pocillopora  ,147  ,80.88  ,,,,,,,,,
134,Pocillopora  Pocillopora  ,148  149  ,3.3  12.05  ,Pocillopora  Pocillopora  ,173  203  ,100.64  2.84  ,Pocillopora  ,138  ,167.1  ,Pocillopora  ,124  ,169.22  
135,Pocillopora  ,150  ,82.06  ,Pocillopora  ,177  ,115.25  ,Pocillopora  ,145  ,152.69  ,Pocillopora  ,127  ,167.36  
136,Pocillopora  ,151  ,505.18  ,Pocillopora  Pocillopora  Pocillopora  ,192  208  218  ,169.99  290.42  15.98  ,Pocillopora  Pocillopora  ,156  175  ,198.34  35.55  ,Pocillopora  ,140  ,197.28  
137,Pocillopora  ,152  ,185.73  ,Pocillopora  ,178  ,215.13  ,Pocillopora  ,144  ,255.02  ,Pocillopora  Pocillopora  ,129  133  ,178.12  16.63  
138,Pocillopora  ,153  ,117.95  ,Pocillopora  ,180  ,89.28  ,Pocillopora  ,147  ,137.3  ,Pocillopora  ,125  ,189.36  
139,Acropora  ,154  ,73.12  ,Acropora  ,181  ,81.93  ,,,,,,
140,Acropora  ,155  ,260.77  ,Acropora  ,185  ,264.39  ,,,,,,
141,Pocillopora  ,156  ,5.5  ,Pocillopora  ,182  ,131.08  ,Pocillopora  ,150  ,157.42  ,Pocillopora  Pocillopora  Pocillopora  ,143  145  153  ,2.0  5.91  4.78  
142,Pocillopora_dead  ,158  ,3.79  ,,,,,,,,,
143,Pocillopora  ,161  ,662.96  ,Pocillopora  ,191  ,520.14  ,,,,,,
144,Pocillopora  ,162  ,305.69  ,Pocillopora  ,200  ,249.54  ,Pocillopora  ,161  ,278.27  ,Pocillopora  ,150  ,303.36  
145,Pocillopora  ,163  ,29.38  ,Pocillopora  ,174  ,104.55  ,,,,,,
146,Pocillopora  ,164  ,114.87  ,Pocillopora  ,190  ,133.27  ,Pocillopora  ,152  ,172.67  ,Pocillopora  ,136  ,146.6  
147,Pocillopora  ,166  ,28.06  ,,,,,,,,,
148,Pocillopora  ,167  ,23.94  ,,,,,,,,,
149,Pocillopora  ,169  ,244.89  ,Pocillopora  Pocillopora  ,197  215  ,135.34  122.9  ,Pocillopora  Pocillopora  ,157  176  ,155.91  129.87  ,Pocillopora  ,139  ,208.69  
150,Pocillopora  Pocillopora  ,170  213  ,438.63  72.4  ,Pocillopora  Pocillopora  ,193  224  ,199.0  424.62  ,Pocillopora  Pocillopora  ,153  192  ,270.23  36.18  ,Pocillopora  Pocillopora  ,178  142  ,17.89  108.21  
151,Pocillopora  ,171  ,1.13  ,,,,,,,,,
152,Pocillopora  ,172  ,177.56  ,Pocillopora  ,189  ,293.35  ,,,,,,
153,Pocillopora  ,174  ,206.31  ,Pocillopora  ,205  ,217.37  ,Pocillopora  ,166  ,224.55  ,Pocillopora  ,160  ,218.33  
154,Pocillopora  ,175  ,197.0  ,Pocillopora  ,231  ,177.99  ,Pocillopora  ,186  ,250.77  ,Pocillopora  ,172  ,269.24  
155,Pocillopora  ,176  ,408.39  ,Pocillopora  Pocillopora  Pocillopora  Pocillopora  ,206  225  236  247  ,173.93  134.6  153.94  67.47  ,Pocillopora  Pocillopora  Pocillopora  Pocillopora  ,164  181  196  202  ,208.27  156.74  96.8  100.59  ,Pocillopora  Pocillopora  Pocillopora  ,152  166  185  ,170.0  189.33  127.61  
156,Pocillopora  ,177  ,36.16  ,Pocillopora  ,209  ,43.02  ,,,,,,
157,Pocillopora  ,178  ,340.19  ,Pocillopora  ,207  ,378.76  ,Pocillopora  ,167  ,332.94  ,Pocillopora  ,176  ,267.0  
158,Pocillopora  ,179  ,531.23  ,Pocillopora  ,202  ,582.64  ,,,,,,
159,Pocillopora  ,180  ,237.67  ,Pocillopora  ,204  ,390.57  ,Pocillopora  ,174  ,263.39  ,Pocillopora  ,168  ,55.8  
160,Pocillopora_dead  ,181  ,70.6  ,Pocillopora_dead  ,213  ,59.0  ,,,,,,
161,Pocillopora  ,182  ,173.28  ,Pocillopora  ,212  ,201.14  ,Pocillopora  Pocillopora  Pocillopora  ,171  172  190  ,32.08  62.17  32.94  ,,,
162,Pocillopora  ,183  ,189.22  ,Pocillopora  ,220  ,119.45  ,Pocillopora  ,179  ,116.85  ,Pocillopora  ,173  ,15.69  
163,Pocillopora_dead  ,184  ,8.29  ,Pocillopora_dead  ,211  ,56.15  ,,,,,,
164,Pocillopora  ,185  ,108.66  ,Pocillopora  ,214  ,152.41  ,Pocillopora  ,170  ,194.47  ,Pocillopora  ,159  ,155.08  
165,Pocillopora  ,186  ,165.07  ,Pocillopora  ,228  ,155.05  ,Pocillopora  ,184  ,161.22  ,,,
166,Pocillopora  ,187  ,205.34  ,Pocillopora  ,221  ,357.93  ,,,,,,
167,Pocillopora  ,188  ,103.2  ,Pocillopora  ,229  ,117.25  ,Pocillopora  ,183  ,146.35  ,,,
168,Pocillopora  ,189  ,81.66  ,Pocillopora  ,227  ,127.59  ,Pocillopora  ,182  ,142.61  ,Pocillopora  ,167  ,85.18  
169,Pocillopora  ,191  ,81.64  ,,,,,,,,,
170,Pocillopora  Pocillopora  Pocillopora  Pocillopora  ,192  221  225  226  ,344.7  64.62  255.76  81.73  ,Pocillopora  ,243  ,792.09  ,,,,,,
171,Pocillopora  ,193  ,275.05  ,Pocillopora  ,251  ,114.4  ,Pocillopora  ,215  ,66.92  ,Pocillopora  ,197  ,46.4  
172,Pocillopora  ,194  ,213.5  ,Pocillopora  ,232  ,257.73  ,,,,,,
173,Pocillopora  ,195  ,458.12  ,Pocillopora  ,234  ,404.21  ,Pocillopora  Pocillopora  ,191  219  ,315.87  137.59  ,Pocillopora  Pocillopora  ,203  181  ,108.39  117.21  
174,Pocillopora  ,196  ,747.94  ,Pocillopora  ,230  ,975.64  ,,,,,,
175,Pocillopora_dead  ,197  ,174.36  ,Pocillopora_dead  ,249  ,24.97  ,,,,,,
176,Pocillopora_dead  ,198  ,15.76  ,,,,,,,,,
177,Pocillopora  Pocillopora  ,199  216  ,157.12  164.3  ,Pocillopora  ,238  ,371.62  ,Pocillopora  ,213  ,169.78  ,,,
178,Pocillopora  ,200  ,794.01  ,Pocillopora  ,237  ,896.57  ,,,,,,
179,Pocillopora  ,201  ,187.69  ,Pocillopora  ,244  ,97.95  ,,,,,,
180,Pocillopora_dead  ,202  ,109.49  ,Pocillopora_dead  Pocillopora_dead  ,216  245  ,76.9  120.76  ,Pocillopora_dead  ,160  ,750.72  ,,,
181,Pocillopora  ,203  ,2.05  ,Pocillopora  ,222  ,211.8  ,,,,,,
182,Pocillopora  ,204  ,192.08  ,Pocillopora  ,242  ,261.39  ,,,,,,
183,Pocillopora  ,205  ,114.54  ,Pocillopora  ,241  ,154.11  ,Pocillopora  ,197  ,129.95  ,,,
184,Pocillopora  ,206  ,105.76  ,Pocillopora  ,240  ,133.85  ,Pocillopora  ,201  ,147.37  ,Pocillopora  ,186  ,61.07  
185,Pocillopora_dead  ,207  ,17.63  ,,,,Pocillopora_dead  Pocillopora_dead  ,168  189  ,79.38  325.24  ,Pocillopora_dead  ,147  ,732.87  
186,Pocillopora  ,208  ,89.45  ,Pocillopora  ,246  ,132.04  ,Pocillopora  ,203  ,145.19  ,Pocillopora  ,182  ,172.03  
187,Pocillopora  ,209  ,114.23  ,,,,,,,,,
188,Pocillopora  ,210  ,90.34  ,Pocillopora  ,259  ,128.19  ,Pocillopora  ,204  ,227.94  ,Pocillopora  ,187  ,293.77  
189,Pocillopora  ,211  ,433.35  ,Pocillopora  Pocillopora  ,250  260  ,320.62  181.34  ,Pocillopora  ,207  ,416.52  ,Pocillopora  ,188  ,460.21  
190,Pocillopora_dead  Pocillopora_dead  Pocillopora_dead  Pocillopora_dead  ,212  233  239  255  ,105.81  154.91  10.54  143.43  ,Pocillopora_dead  Pocillopora_dead  Pocillopora_dead  ,253  286  303  ,722.79  101.8  217.34  ,Pocillopora_dead  Pocillopora_dead  Pocillopora_dead  Pocillopora_dead  Pocillopora_dead  Pocillopora_dead  Pocillopora_dead  ,210  232  233  246  257  267  320  ,222.38  127.09  288.17  449.25  165.1  548.17  162.88  ,Pocillopora_dead  Pocillopora_dead  ,202  200  ,31.08  4949.03  
191,Pocillopora  ,214  ,164.78  ,,,,,,,,,
192,Pocillopora  Pocillopora  Pocillopora  ,215  218  229  ,55.78  458.14  91.54  ,Pocillopora  ,256  ,793.05  ,,,,,,
193,Pocillopora  ,217  ,70.15  ,Pocillopora  ,257  ,96.8  ,Pocillopora  ,214  ,113.86  ,Pocillopora  ,196  ,115.64  
194,Pocillopora  ,219  ,17.74  ,Pocillopora  ,261  ,24.76  ,Pocillopora  ,217  ,60.41  ,Pocillopora  ,198  ,68.52  
195,Pocillopora  ,220  ,440.42  ,Pocillopora  ,258  ,578.73  ,,,,,,
196,Pocillopora  ,222  ,233.76  ,Pocillopora  ,264  ,290.26  ,Pocillopora  ,220  ,252.63  ,,,
197,Pocillopora  ,223  ,204.07  ,Pocillopora  ,267  ,233.69  ,Pocillopora  ,221  ,221.04  ,,,
198,Pocillopora  ,224  ,219.21  ,Pocillopora  ,268  ,40.5  ,Pocillopora  ,222  ,56.3  ,,,
199,Pocillopora  ,227  ,478.94  ,Pocillopora  Pocillopora  ,269  284  ,359.4  195.63  ,Pocillopora  ,242  ,177.63  ,,,
200,Pocillopora  ,228  ,0.68  ,,,,,,,,,
201,Pocillopora  Pocillopora  ,230  252  ,246.22  20.56  ,Pocillopora  ,274  ,300.12  ,Pocillopora  ,226  ,336.67  ,Pocillopora  Pocillopora  ,204  227  ,93.42  44.96  
202,Pocillopora  ,231  ,37.01  ,Pocillopora  ,277  ,157.2  ,Pocillopora  ,230  ,72.25  ,Pocillopora  ,208  ,44.4  
203,Pocillopora  ,232  ,128.27  ,Pocillopora  ,276  ,156.84  ,Pocillopora  ,231  ,88.48  ,,,
204,Pocillopora  ,234  ,236.76  ,Pocillopora  ,275  ,344.17  ,Pocillopora  ,227  ,470.95  ,Pocillopora  ,207  ,503.78  
205,Pocillopora  ,235  ,702.49  ,Pocillopora  ,278  ,979.51  ,,,,,,
206,Pocillopora  ,236  ,377.8  ,Pocillopora  ,282  ,481.28  ,Pocillopora  ,234  ,611.8  ,Pocillopora  ,213  ,590.47  
207,Pocillopora  ,237  ,24.75  ,,,,,,,,,
208,Pocillopora  ,238  ,48.2  ,Pocillopora  ,285  ,45.9  ,Pocillopora  ,237  ,71.05  ,Pocillopora  ,215  ,97.98  
209,Acropora  ,240  ,120.3  ,Acropora  ,281  ,249.88  ,,,,,,
210,Pocillopora  ,241  ,261.23  ,Pocillopora  ,293  ,165.87  ,Pocillopora  Pocillopora  ,252  259  ,155.11  23.33  ,Pocillopora  ,224  ,151.35  
211,Pocillopora  ,242  ,427.56  ,Pocillopora  ,287  ,457.65  ,Pocillopora  ,240  ,407.93  ,Pocillopora  ,220  ,251.12  
212,Pocillopora  ,243  ,554.22  ,Pocillopora  ,289  ,666.88  ,,,,,,
213,Pocillopora  ,244  ,196.98  ,,,,,,,,,
214,Pocillopora  ,245  ,348.34  ,Pocillopora  ,288  ,454.75  ,,,,,,
215,Pocillopora  ,246  ,125.98  ,Pocillopora  ,292  ,122.08  ,Pocillopora  ,247  ,159.35  ,Pocillopora  ,223  ,107.09  
216,Pocillopora  ,247  ,89.34  ,,,,,,,,,
217,Pocillopora_dead  ,248  ,22.59  ,,,,Pocillopora_dead  Pocillopora_dead  ,194  223  ,965.65  519.98  ,Pocillopora_dead  ,156  ,3200.41  
218,Pocillopora  ,249  ,642.92  ,Pocillopora  Pocillopora  ,295  309  ,417.86  137.61  ,Pocillopora  ,248  ,408.15  ,Pocillopora  ,218  ,242.33  
219,Pocillopora  ,250  ,164.7  ,Pocillopora  ,297  ,88.37  ,,,,,,
220,Pocillopora  ,251  ,552.86  ,Pocillopora  ,305  ,435.1  ,Pocillopora  ,261  ,490.0  ,Pocillopora  Pocillopora  Pocillopora  ,243  230  259  ,2.74  313.08  148.24  
221,Acropora  ,253  ,158.33  ,Acropora  ,299  ,277.78  ,,,,,,
222,Pocillopora  ,254  ,61.1  ,,,,,,,,,
223,Pocillopora_dead  ,256  ,5.28  ,Pocillopora_dead  ,314  ,68.68  ,Pocillopora_dead  ,265  ,229.66  ,Pocillopora_dead  ,229  ,846.69  
224,Pocillopora  Pocillopora  ,257  258  ,97.27  280.53  ,Pocillopora  ,302  ,506.0  ,,,,,,
225,Pocillopora_dead  ,259  ,2.04  ,Pocillopora_dead  ,301  ,47.17  ,,,,,,
226,Pocillopora  Pocillopora  ,260  276  ,257.18  19.51  ,Pocillopora  ,308  ,359.77  ,Pocillopora  ,264  ,413.97  ,Pocillopora  Pocillopora  ,237  239  ,99.01  150.81  
227,Pocillopora  Pocillopora  ,261  281  ,354.98  245.13  ,Pocillopora  ,311  ,786.88  ,Pocillopora  ,289  ,337.71  ,Pocillopora  ,260  ,263.35  
228,Pocillopora  ,262  ,63.16  ,Pocillopora  ,310  ,85.87  ,Pocillopora  ,263  ,127.97  ,Pocillopora  ,236  ,83.18  
229,Pocillopora  ,263  ,145.01  ,Pocillopora  ,312  ,230.28  ,Pocillopora  ,268  ,302.97  ,,,
230,Pocillopora  ,264  ,743.52  ,Pocillopora  Pocillopora  ,316  351  ,880.61  43.27  ,Pocillopora  ,306  ,38.8  ,Pocillopora  ,272  ,30.96  
231,Pocillopora  Pocillopora  ,265  286  ,161.67  3.95  ,Pocillopora  Pocillopora  ,318  335  ,118.24  59.77  ,Pocillopora  ,274  ,160.41  ,Pocillopora  ,245  ,34.04  
232,Pocillopora  ,266  ,236.72  ,Pocillopora  ,320  ,258.44  ,Pocillopora  ,276  ,321.77  ,Pocillopora  ,244  ,330.38  
233,Pocillopora  ,267  ,170.97  ,Pocillopora  ,321  ,209.19  ,Pocillopora  ,277  ,246.03  ,Pocillopora  ,247  ,136.21  
234,Pocillopora  ,268  ,56.64  ,Pocillopora  ,322  ,19.62  ,,,,,,
235,Pocillopora  ,269  ,154.62  ,Pocillopora  ,323  ,168.26  ,Pocillopora  ,282  ,195.61  ,Pocillopora  ,248  ,142.74  
236,Pocillopora  ,270  ,102.62  ,,,,,,,,,
237,Pocillopora  ,271  ,88.62  ,Pocillopora  ,325  ,203.4  ,,,,,,
238,Pocillopora  ,272  ,217.02  ,Pocillopora  ,326  ,157.07  ,Pocillopora  ,280  ,190.24  ,Pocillopora  ,250  ,184.67  
239,Pocillopora  ,273  ,125.85  ,Pocillopora  ,333  ,141.38  ,Pocillopora  ,286  ,167.89  ,Pocillopora  ,258  ,168.22  
240,Pocillopora  Pocillopora  Pocillopora  ,274  277  295  ,157.52  239.47  454.09  ,Pocillopora  ,329  ,1034.09  ,,,,,,
241,Pocillopora  ,275  ,138.35  ,Pocillopora  ,334  ,140.1  ,Pocillopora  Pocillopora  ,292  294  ,75.11  18.67  ,Pocillopora  ,263  ,46.23  
242,Pocillopora  ,278  ,325.74  ,Pocillopora  ,327  ,481.29  ,,,,,,
243,Acropora  ,279  ,199.33  ,Acropora  ,331  ,218.69  ,,,,,,
244,Pocillopora  ,280  ,770.18  ,Pocillopora  ,328  ,781.65  ,,,,,,
245,Pocillopora_dead  ,282  ,8.65  ,,,,,,,,,
246,Pocillopora  ,283  ,555.97  ,Pocillopora  ,332  ,779.16  ,,,,,,
247,Pocillopora  ,284  ,229.83  ,Pocillopora  Pocillopora  ,337  339  ,226.34  37.34  ,Pocillopora  Pocillopora  Pocillopora  ,272  293  296  ,384.59  272.97  22.48  ,Pocillopora  ,240  ,736.31  
248,Acropora  ,285  ,70.75  ,,,,,,,,,
249,Pocillopora  ,287  ,32.62  ,Pocillopora  ,342  ,57.1  ,Pocillopora  ,299  ,34.82  ,,,
250,Pocillopora  ,288  ,382.27  ,Pocillopora  Pocillopora  ,362  369  ,37.54  48.58  ,Pocillopora  ,318  ,130.14  ,,,
251,Pocillopora  ,289  ,264.54  ,Pocillopora  ,340  ,300.47  ,Pocillopora  ,295  ,324.93  ,Pocillopora  ,262  ,284.93  
252,Pocillopora_dead  ,290  ,4.97  ,,,,Pocillopora_dead  Pocillopora_dead  Pocillopora_dead  ,284  287  322  ,830.28  825.57  731.52  ,Pocillopora_dead  ,257  ,2844.52  
253,Acropora  ,291  ,679.5  ,Acropora  ,338  ,1008.07  ,,,,,,
254,Pocillopora  ,292  ,37.05  ,Pocillopora  ,343  ,75.07  ,Pocillopora  ,301  ,132.4  ,Pocillopora  ,264  ,151.52  
255,Acropora  ,293  ,313.44  ,Acropora  ,341  ,429.28  ,,,,,,
256,Pocillopora  ,294  ,68.77  ,Pocillopora  ,345  ,84.05  ,Pocillopora  ,302  ,72.91  ,Pocillopora  ,266  ,68.74  
257,Pocillopora  ,296  ,37.14  ,Pocillopora  ,346  ,59.65  ,Pocillopora  ,304  ,68.64  ,Pocillopora  ,265  ,26.94  
258,Acropora  ,297  ,324.26  ,Acropora  ,347  ,274.2  ,,,,,,
259,Pocillopora  ,298  ,159.66  ,Pocillopora  ,344  ,217.25  ,,,,,,
260,Pocillopora  ,299  ,702.84  ,Pocillopora  Pocillopora  Pocillopora  ,355  389  392  ,469.34  46.05  161.92  ,,,,,,
261,Pocillopora  ,300  ,340.23  ,Pocillopora  ,358  ,396.51  ,Pocillopora  ,312  ,351.97  ,Pocillopora  Pocillopora  ,279  283  ,23.17  196.97  
262,Pocillopora  ,301  ,71.82  ,Pocillopora  ,352  ,113.91  ,Pocillopora  Pocillopora  ,308  313  ,95.39  26.35  ,Pocillopora  ,268  ,93.7  
263,Pocillopora  ,302  ,335.64  ,Pocillopora  ,357  ,473.7  ,,,,,,
264,Pocillopora  ,303  ,391.03  ,Pocillopora  ,356  ,520.16  ,,,,,,
265,Pocillopora  ,304  ,168.53  ,Pocillopora  ,360  ,170.73  ,Pocillopora  ,314  ,204.5  ,Pocillopora  ,275  ,188.02  
266,Pocillopora  ,305  ,2.33  ,,,,,,,,,
267,Acropora  ,306  ,102.19  ,,,,,,,,,
268,Pocillopora  ,307  ,46.97  ,Pocillopora  ,361  ,87.73  ,Pocillopora  ,315  ,149.04  ,Pocillopora  ,274  ,167.95  
269,Acropora  ,308  ,100.35  ,Acropora  ,365  ,141.45  ,,,,,,
270,Pocillopora  ,309  ,313.91  ,Pocillopora  ,363  ,348.2  ,Pocillopora  ,317  ,420.89  ,Pocillopora  ,280  ,346.11  
271,Pocillopora  ,310  ,279.69  ,Pocillopora  ,364  ,262.22  ,Pocillopora  ,316  ,317.98  ,Pocillopora  ,278  ,237.0  
272,Pocillopora_dead  ,311  ,2.24  ,Pocillopora_dead  ,368  ,97.35  ,,,,,,
273,Pocillopora  ,312  ,43.52  ,,,,,,,,,
274,Pocillopora  ,313  ,584.43  ,Pocillopora  ,372  ,683.58  ,,,,,,
275,Pocillopora  ,314  ,50.28  ,Pocillopora  ,370  ,77.9  ,Pocillopora  ,321  ,105.89  ,Pocillopora  ,281  ,113.02  
276,Pocillopora  ,315  ,274.47  ,Pocillopora  ,371  ,299.23  ,Pocillopora  ,325  ,298.17  ,Pocillopora  ,292  ,168.11  
277,Pocillopora  ,316  ,56.58  ,Pocillopora  ,376  ,46.74  ,Pocillopora  ,329  ,75.19  ,Pocillopora  ,294  ,36.86  
278,Pocillopora  ,317  ,151.65  ,Pocillopora  ,373  ,194.39  ,,,,,,
279,Pocillopora_dead  ,318  ,121.2  ,Pocillopora_dead  ,387  ,108.1  ,Pocillopora_dead  ,339  ,97.43  ,,,
280,Pocillopora  ,319  ,182.52  ,Pocillopora  ,374  ,257.2  ,Pocillopora  ,326  ,373.36  ,Pocillopora  ,285  ,491.95  
281,Pocillopora  Pocillopora  ,320  334  ,166.49  58.15  ,Pocillopora  ,379  ,327.55  ,Pocillopora  ,330  ,395.98  ,Pocillopora  Pocillopora  ,310  296  ,70.49  253.03  
282,Pocillopora  ,321  ,29.51  ,Pocillopora  ,381  ,32.78  ,Pocillopora  ,335  ,33.79  ,,,
283,Pocillopora  ,322  ,10.89  ,,,,,,,,,
284,Pocillopora  ,323  ,586.17  ,Pocillopora  ,375  ,822.24  ,,,,,,
285,Pocillopora  ,324  ,131.89  ,Pocillopora  ,380  ,168.57  ,Pocillopora  ,327  ,240.64  ,Pocillopora  ,289  ,269.61  
286,Pocillopora  ,325  ,100.92  ,Pocillopora  ,385  ,100.08  ,Pocillopora  ,333  ,115.78  ,Pocillopora  ,312  ,25.09  
287,Pocillopora  ,326  ,324.24  ,Pocillopora  Pocillopora  ,382  397  ,135.39  227.2  ,Pocillopora  Pocillopora  ,332  349  ,158.17  301.69  ,Pocillopora  ,313  ,67.3  
288,Pocillopora_dead  Pocillopora_dead  Pocillopora_dead  Pocillopora_dead  Pocillopora_dead  Pocillopora_dead  Pocillopora_dead  ,327  328  331  333  357  365  476  ,20.67  13.93  10.61  59.14  24.04  134.45  35.18  ,Pocillopora_dead  Pocillopora_dead  Pocillopora_dead  ,377  416  441  ,77.34  44.26  27.12  ,Pocillopora_dead  Pocillopora_dead  Pocillopora_dead  Pocillopora_dead  ,307  328  372  485  ,853.02  905.02  133.11  271.77  ,Pocillopora_dead  ,348  ,20383.27  
289,Pocillopora  ,329  ,145.67  ,Pocillopora  ,393  ,166.78  ,Pocillopora  ,343  ,209.16  ,Pocillopora  ,308  ,85.91  
290,Pocillopora  ,330  ,58.37  ,Pocillopora  ,390  ,102.91  ,Pocillopora  ,338  ,124.3  ,Pocillopora  ,297  ,156.84  
291,Pocillopora  ,332  ,300.06  ,Pocillopora  ,396  ,315.11  ,Pocillopora  ,346  ,306.96  ,Pocillopora  Pocillopora  Pocillopora  ,316  324  331  ,43.81  16.54  17.9  
292,Pocillopora  ,335  ,140.07  ,Pocillopora  ,383  ,275.39  ,Pocillopora  ,341  ,237.38  ,Pocillopora  ,301  ,231.8  
293,Pocillopora  ,336  ,130.37  ,Pocillopora  ,395  ,145.5  ,Pocillopora  ,344  ,195.86  ,Pocillopora  ,302  ,218.2  
294,Pocillopora  ,337  ,314.56  ,Pocillopora  Pocillopora  ,394  411  ,208.81  188.01  ,Pocillopora  Pocillopora  Pocillopora  ,340  360  370  ,254.85  86.38  137.65  ,Pocillopora  Pocillopora  Pocillopora  Pocillopora  Pocillopora  ,299  307  315  322  339  ,172.69  5.96  5.79  110.49  13.14  
295,Pocillopora  ,338  ,84.23  ,Pocillopora  ,400  ,90.16  ,Pocillopora  ,350  ,132.03  ,Pocillopora  ,309  ,38.49  
296,Pocillopora  ,339  ,117.06  ,Pocillopora  Pocillopora  ,398  405  ,55.62  62.26  ,Pocillopora  ,348  ,57.68  ,,,
297,Pocillopora  ,340  ,167.67  ,Pocillopora  ,403  ,125.91  ,Pocillopora  ,353  ,174.69  ,Pocillopora  ,320  ,92.77  
298,Pocillopora_dead  ,341  ,5.1  ,,,,Pocillopora_dead  Pocillopora_dead  ,310  324  ,602.68  235.23  ,Pocillopora_dead  ,270  ,2487.04  
299,Pocillopora  ,342  ,170.16  ,,,,,,,,,
300,Pocillopora_dead  ,343  ,33.77  ,,,,Pocillopora_dead  ,345  ,103.28  ,,,
301,Pocillopora  ,344  ,545.0  ,Pocillopora  ,399  ,636.81  ,,,,,,
302,Pocillopora  ,345  ,223.18  ,Pocillopora  ,402  ,254.62  ,Pocillopora  ,352  ,232.57  ,,,
303,Pocillopora  ,346  ,607.64  ,Pocillopora  ,406  ,676.88  ,,,,,,
304,Pocillopora_dead  ,347  ,102.42  ,,,,,,,,,
305,Pocillopora  ,348  ,320.06  ,Pocillopora  ,407  ,362.59  ,Pocillopora  ,356  ,379.08  ,Pocillopora  ,318  ,379.48  
306,Pocillopora  ,349  ,93.65  ,Pocillopora  ,404  ,81.04  ,Pocillopora  ,351  ,76.42  ,Pocillopora  ,317  ,65.17  
307,Pocillopora  ,350  ,169.53  ,Pocillopora  ,408  ,141.03  ,Pocillopora  ,359  ,110.36  ,Pocillopora  ,321  ,53.61  
308,Acropora  ,351  ,80.63  ,Acropora  ,410  ,174.36  ,Acropora  ,357  ,231.23  ,Acropora  ,319  ,280.48  
309,Pocillopora  ,352  ,334.36  ,Pocillopora  ,417  ,194.25  ,Pocillopora  ,364  ,202.37  ,Pocillopora  ,327  ,154.32  
310,Pocillopora  ,353  ,140.86  ,Pocillopora  ,412  ,170.76  ,Pocillopora  ,361  ,218.73  ,Pocillopora  ,325  ,260.35  
311,Pocillopora  ,354  ,230.04  ,Pocillopora  ,414  ,381.71  ,,,,,,
312,Pocillopora  ,355  ,106.69  ,Pocillopora  ,418  ,137.1  ,Pocillopora  ,366  ,183.85  ,Pocillopora  ,328  ,240.38  
313,Pocillopora_dead  Pocillopora_dead  ,356  390  ,84.5  14.08  ,Pocillopora_dead  ,462  ,11.06  ,Pocillopora_dead  Pocillopora_dead  Pocillopora_dead  Pocillopora_dead  Pocillopora_dead  Pocillopora_dead  Pocillopora_dead  Pocillopora_dead  ,367  395  402  408  418  435  444  445  ,491.97  22.15  121.06  43.96  190.54  65.55  357.17  589.4  ,Pocillopora_dead  ,330  ,2964.77  
314,Pocillopora  ,358  ,126.43  ,Pocillopora  ,420  ,165.94  ,Pocillopora  ,375  ,180.34  ,,,
315,Pocillopora  ,359  ,146.78  ,Pocillopora  ,424  ,185.64  ,Pocillopora  ,373  ,245.27  ,Pocillopora  Pocillopora  ,335  338  ,42.36  161.59  
316,Acropora  ,360  ,335.39  ,Acropora  ,422  ,400.8  ,,,,,,
317,Pocillopora  ,361  ,919.39  ,Pocillopora  ,415  ,1156.72  ,,,,,,
318,Pocillopora  ,362  ,395.82  ,Pocillopora  Pocillopora  ,421  457  ,372.01  46.96  ,,,,,,
319,Pocillopora  ,363  ,221.87  ,Pocillopora  ,425  ,287.24  ,Pocillopora  ,374  ,362.23  ,Pocillopora  ,329  ,473.07  
320,Pocillopora  ,364  ,161.77  ,Pocillopora  ,428  ,224.38  ,,,,,,
321,Pocillopora  ,366  ,462.0  ,Pocillopora  ,429  ,668.13  ,,,,,,
322,Pocillopora_dead  ,367  ,21.61  ,,,,,,,,,
323,Pocillopora  ,368  ,55.79  ,Pocillopora  ,419  ,138.78  ,,,,,,
324,Pocillopora  Pocillopora  Pocillopora  ,369  370  380  ,48.08  278.89  1.32  ,Pocillopora  ,431  ,404.1  ,Pocillopora  ,380  ,324.62  ,Pocillopora  ,332  ,364.54  
325,Pocillopora  ,371  ,327.14  ,Pocillopora  ,432  ,347.27  ,Pocillopora  ,384  ,311.98  ,Pocillopora  Pocillopora  Pocillopora  ,341  354  356  ,250.23  3.35  8.96  
326,Pocillopora  ,372  ,449.94  ,Pocillopora  ,433  ,415.77  ,Pocillopora  ,382  ,491.93  ,,,
327,Pocillopora  ,373  ,16.37  ,Pocillopora  ,434  ,30.9  ,,,,,,
328,Pocillopora  ,374  ,74.56  ,Pocillopora  ,436  ,47.32  ,Pocillopora  ,386  ,33.86  ,Pocillopora  ,344  ,14.74  
329,Pocillopora_dead  ,375  ,13.14  ,,,,,,,,,
330,Acropora  ,376  ,172.2  ,Acropora  ,435  ,168.35  ,,,,,,
331,Pocillopora  ,377  ,27.03  ,,,,,,,,,
332,Pocillopora  ,378  ,454.29  ,Pocillopora  ,438  ,304.79  ,,,,,,
333,Pocillopora  ,379  ,194.54  ,Pocillopora  Pocillopora  ,442  452  ,239.45  50.16  ,Pocillopora  Pocillopora  ,388  401  ,283.65  67.48  ,Pocillopora  Pocillopora  ,350  352  ,183.05  90.6  
334,Pocillopora  ,381  ,349.61  ,Pocillopora  ,439  ,362.74  ,Pocillopora  ,385  ,388.46  ,Pocillopora  ,342  ,302.49  
335,Pocillopora  ,382  ,129.88  ,,,,,,,,,
336,Pocillopora  ,383  ,116.74  ,Pocillopora  ,443  ,153.39  ,Pocillopora  Pocillopora  ,389  413  ,125.17  6.83  ,Pocillopora  ,347  ,97.95  
337,Pocillopora  ,384  ,78.01  ,Pocillopora  ,444  ,105.11  ,,,,,,
338,Pocillopora  ,385  ,274.92  ,Pocillopora  ,447  ,351.27  ,Pocillopora  ,390  ,427.66  ,Pocillopora  ,346  ,408.92  
339,Pocillopora  ,386  ,229.37  ,Pocillopora  ,446  ,164.87  ,,,,,,
340,Pocillopora  ,387  ,93.26  ,,,,,,,,,
341,Pocillopora  ,388  ,393.83  ,Pocillopora  ,448  ,511.3  ,,,,,,
342,Pocillopora  ,389  ,106.22  ,Pocillopora  ,453  ,132.05  ,Pocillopora  ,403  ,153.78  ,Pocillopora  ,359  ,103.21  
343,Pocillopora  ,391  ,321.79  ,Pocillopora  Pocillopora  ,473  475  ,278.3  3.74  ,Pocillopora  ,420  ,342.82  ,Pocillopora  ,366  ,391.19  
344,Pocillopora  ,392  ,67.21  ,Pocillopora  ,458  ,76.64  ,,,,Pocillopora  ,363  ,70.64  
345,Pocillopora  ,393  ,535.27  ,Pocillopora  ,450  ,807.54  ,,,,,,
346,Pocillopora_dead  ,394  ,0.5  ,,,,,,,,,
347,Pocillopora  ,395  ,91.61  ,Pocillopora  ,456  ,139.46  ,Pocillopora  ,406  ,186.7  ,Pocillopora  ,360  ,157.08  
348,Pocillopora  ,396  ,163.83  ,Pocillopora  ,460  ,155.31  ,Pocillopora  ,412  ,191.76  ,Pocillopora  ,361  ,38.03  
349,Pocillopora  ,397  ,213.25  ,Pocillopora  ,464  ,292.21  ,Pocillopora  ,414  ,338.93  ,Pocillopora  ,362  ,387.33  
350,Pocillopora  ,398  ,96.4  ,,,,,,,,,
351,Pocillopora  ,399  ,280.26  ,Pocillopora  ,467  ,329.33  ,,,,,,
352,Pocillopora  ,400  ,86.33  ,Pocillopora  ,470  ,68.39  ,,,,Pocillopora  ,368  ,26.32  
353,Pocillopora_dead  ,401  ,12.11  ,Pocillopora_dead  ,465  ,137.66  ,,,,,,
354,Pocillopora  ,402  ,61.08  ,Pocillopora  ,471  ,75.6  ,Pocillopora  ,419  ,76.45  ,,,
355,Pocillopora  ,403  ,366.06  ,Pocillopora  ,479  ,332.04  ,Pocillopora  ,426  ,376.74  ,Pocillopora  Pocillopora  ,371  380  ,8.51  299.41  
356,Pocillopora  ,404  ,133.73  ,Pocillopora  ,478  ,207.13  ,,,,,,
357,Pocillopora  ,405  ,229.65  ,Pocillopora  ,468  ,181.63  ,,,,,,
358,Pocillopora  ,406  ,312.35  ,Pocillopora  ,493  ,19.92  ,,,,,,
359,Pocillopora  ,407  ,56.61  ,Pocillopora  ,477  ,75.82  ,Pocillopora  ,427  ,94.63  ,Pocillopora  ,374  ,91.0  
360,Pocillopora  ,408  ,394.99  ,Pocillopora  Pocillopora  ,476  504  ,144.43  249.55  ,Pocillopora  ,423  ,170.25  ,Pocillopora  ,375  ,52.14  
361,Pocillopora  ,409  ,206.68  ,Pocillopora  Pocillopora  ,485  489  ,121.5  81.59  ,Pocillopora  Pocillopora  ,429  433  ,118.73  115.0  ,Pocillopora  Pocillopora  Pocillopora  ,377  384  387  ,62.23  42.95  3.15  
362,Pocillopora  Pocillopora  Pocillopora  ,410  413  426  ,84.38  80.97  80.2  ,Pocillopora  ,481  ,296.26  ,Pocillopora  ,425  ,356.39  ,Pocillopora  Pocillopora  ,370  372  ,97.93  232.55  
363,Pocillopora_dead  ,411  ,7.24  ,,,,Pocillopora_dead  ,421  ,312.43  ,Pocillopora_dead  ,353  ,366.62  
364,Pocillopora  ,412  ,249.31  ,Pocillopora  ,484  ,251.92  ,,,,,,
365,Pocillopora  ,414  ,166.15  ,Pocillopora  ,488  ,162.68  ,,,,,,
366,Pocillopora  ,415  ,318.35  ,Pocillopora  ,487  ,343.78  ,,,,,,
367,Pocillopora  ,416  ,624.69  ,Pocillopora  ,486  ,681.42  ,,,,,,
368,Pocillopora  ,417  ,292.84  ,Pocillopora  ,491  ,332.39  ,Pocillopora  ,432  ,389.19  ,Pocillopora  ,379  ,284.09  
369,Pocillopora  ,418  ,533.72  ,Pocillopora  ,492  ,661.74  ,,,,,,
370,Pocillopora  ,419  ,26.55  ,Pocillopora  ,496  ,38.25  ,Pocillopora  ,438  ,58.49  ,,,
371,Pocillopora  ,420  ,15.98  ,,,,,,,,,
372,Pocillopora  ,421  ,157.54  ,Pocillopora  ,498  ,201.98  ,Pocillopora  ,441  ,151.53  ,Pocillopora  ,388  ,104.11  
373,Pocillopora  ,422  ,59.87  ,,,,,,,,,
374,Pocillopora  ,423  ,248.26  ,Pocillopora  ,494  ,275.64  ,Pocillopora  ,439  ,298.28  ,Pocillopora  ,391  ,100.19  
375,Pocillopora  ,424  ,328.37  ,Pocillopora  Pocillopora  ,503  510  ,186.61  96.67  ,Pocillopora  ,451  ,118.89  ,,,
376,Pocillopora  ,425  ,10.57  ,,,,,,,,,
377,Pocillopora  ,427  ,78.6  ,Pocillopora  ,502  ,79.07  ,Pocillopora  ,442  ,130.74  ,Pocillopora  ,386  ,114.56  
378,Pocillopora_dead  Pocillopora_dead  Pocillopora_dead  ,428  452  464  ,62.19  12.86  10.22  ,Pocillopora_dead  ,536  ,71.1  ,Pocillopora_dead  Pocillopora_dead  Pocillopora_dead  Pocillopora_dead  Pocillopora_dead  Pocillopora_dead  Pocillopora_dead  Pocillopora_dead  Pocillopora_dead  ,377  391  411  416  443  453  455  459  483  ,771.19  208.28  41.81  364.31  243.32  116.74  330.09  903.52  166.58  ,Pocillopora_dead  ,334  ,4557.02  
379,Acropora  ,429  ,166.71  ,Acropora  ,507  ,177.88  ,,,,,,
380,Pocillopora  ,430  ,6.0  ,,,,,,,,,
381,Pocillopora  ,431  ,478.7  ,Pocillopora  Pocillopora  Pocillopora  ,508  521  533  ,227.09  63.78  3.32  ,Pocillopora  Pocillopora  ,450  454  ,267.02  87.32  ,,,
382,Pocillopora  ,432  ,424.47  ,Pocillopora  ,505  ,523.62  ,,,,,,
383,Pocillopora_dead  Pocillopora_dead  Pocillopora_dead  ,433  456  477  ,15.47  18.28  9.06  ,,,,,,,Pocillopora_dead  ,365  ,3822.35  
384,Pocillopora  ,434  ,35.58  ,Pocillopora  ,506  ,47.11  ,Pocillopora  ,448  ,40.96  ,Pocillopora  ,394  ,35.9  
385,Pocillopora  ,435  ,183.67  ,Pocillopora  ,514  ,143.66  ,Pocillopora  ,460  ,90.37  ,,,
386,Pocillopora  ,436  ,257.33  ,Pocillopora  ,513  ,124.76  ,,,,,,
387,Pocillopora  ,437  ,446.68  ,Pocillopora  ,516  ,599.66  ,,,,,,
388,Acropora  ,438  ,34.3  ,Acropora  ,515  ,40.61  ,,,,,,
389,Pocillopora  ,439  ,411.7  ,Pocillopora  ,519  ,480.73  ,Pocillopora  ,475  ,89.21  ,,,
390,Pocillopora  ,440  ,212.53  ,Pocillopora  ,517  ,272.11  ,,,,,,
391,Pocillopora  ,441  ,245.84  ,Pocillopora  ,522  ,279.62  ,,,,,,
392,Pocillopora  ,442  ,5.34  ,,,,,,,,,
393,Pocillopora  ,443  ,116.15  ,Pocillopora  ,518  ,206.52  ,Pocillopora  ,457  ,198.42  ,Pocillopora  ,396  ,135.4  
394,Pocillopora  ,444  ,256.24  ,Pocillopora  ,526  ,285.61  ,Pocillopora  ,462  ,327.32  ,Pocillopora  ,397  ,315.6  
395,Pocillopora  ,445  ,214.42  ,Pocillopora  ,525  ,375.34  ,,,,,,
396,Pocillopora  ,446  ,384.02  ,Pocillopora  ,543  ,186.7  ,Pocillopora  ,476  ,217.01  ,Pocillopora  ,406  ,156.12  
397,Pocillopora  ,447  ,106.85  ,Pocillopora  ,529  ,99.75  ,Pocillopora  ,464  ,99.15  ,Pocillopora  Pocillopora  ,398  399  ,3.2  93.7  
398,Pocillopora  ,448  ,517.66  ,Pocillopora  ,524  ,721.82  ,,,,,,
399,Pocillopora  ,449  ,106.37  ,Pocillopora  ,528  ,103.36  ,,,,,,
400,Pocillopora  ,450  ,45.44  ,,,,,,,,,
401,Pocillopora  ,451  ,220.73  ,Pocillopora  ,531  ,147.37  ,Pocillopora  ,467  ,117.68  ,Pocillopora  ,401  ,2.83  
402,Pocillopora  ,453  ,76.33  ,Pocillopora  ,534  ,45.69  ,Pocillopora  ,470  ,35.45  ,,,
403,Pocillopora  ,454  ,88.6  ,Pocillopora  ,535  ,115.81  ,Pocillopora  ,466  ,138.23  ,Pocillopora  ,400  ,184.45  
404,Pocillopora  ,455  ,142.71  ,Pocillopora  ,537  ,90.61  ,,,,,,
405,Pocillopora  ,457  ,38.48  ,Pocillopora  ,540  ,59.01  ,Pocillopora  ,468  ,79.23  ,,,
406,Pocillopora  ,458  ,56.49  ,Pocillopora  ,541  ,91.24  ,Pocillopora  ,473  ,130.69  ,Pocillopora  ,402  ,168.49  
407,Pocillopora  ,459  ,169.21  ,Pocillopora  ,538  ,287.05  ,,,,,,
408,Pocillopora  ,460  ,193.79  ,Pocillopora  ,539  ,316.15  ,,,,,,
409,Pocillopora  ,461  ,177.27  ,Pocillopora  Pocillopora  ,551  552  ,80.65  78.31  ,Pocillopora  Pocillopora  ,481  490  ,84.17  55.24  ,Pocillopora  ,415  ,21.02  
410,Pocillopora  ,462  ,67.69  ,,,,,,,,,
411,Pocillopora  ,463  ,123.16  ,Pocillopora  ,545  ,107.08  ,Pocillopora  ,478  ,83.39  ,Pocillopora  Pocillopora  ,408  414  ,15.13  14.6  
412,Pocillopora  ,465  ,96.0  ,Pocillopora  ,548  ,94.13  ,,,,,,
413,Pocillopora  ,466  ,595.52  ,Pocillopora  ,546  ,731.14  ,Pocillopora  ,479  ,856.78  ,Pocillopora  ,437  ,4.04  
414,Pocillopora  ,467  ,95.41  ,Pocillopora  ,549  ,170.41  ,,,,,,
415,Acropora  ,468  ,94.6  ,Acropora  ,555  ,108.39  ,Acropora  ,488  ,96.75  ,,,
416,Pocillopora  ,469  ,70.51  ,,,,,,,,,
417,Pocillopora  ,470  ,75.24  ,,,,,,,,,
418,Pocillopora  ,471  ,214.01  ,Pocillopora  ,556  ,303.03  ,Pocillopora  ,486  ,350.93  ,Pocillopora  ,418  ,342.95  
419,Acropora  ,472  ,202.3  ,Acropora  ,554  ,321.11  ,Acropora  ,484  ,393.72  ,Acropora  ,412  ,450.29  
420,Pocillopora  ,473  ,15.08  ,Pocillopora  ,560  ,40.26  ,,,,,,
421,Pocillopora  ,474  ,285.65  ,Pocillopora  ,558  ,402.05  ,,,,,,
422,Pocillopora  ,475  ,105.31  ,Pocillopora  ,553  ,174.71  ,,,,,,
423,Pocillopora  ,478  ,19.6  ,,,,,,,,,
424,Pocillopora  Pocillopora  ,479  483  ,42.54  6.81  ,Pocillopora  ,564  ,144.1  ,Pocillopora  ,495  ,58.54  ,Pocillopora  ,424  ,46.76  
425,Pocillopora  ,480  ,212.66  ,Pocillopora  ,566  ,207.19  ,Pocillopora  ,496  ,285.6  ,Pocillopora  ,422  ,256.57  
426,Pocillopora  ,481  ,239.98  ,Pocillopora  ,573  ,119.85  ,,,,,,
427,Pocillopora_dead  Pocillopora_dead  ,482  502  ,28.61  81.74  ,Pocillopora_dead  ,590  ,78.61  ,Pocillopora_dead  Pocillopora_dead  ,487  504  ,506.44  413.86  ,Pocillopora_dead  Pocillopora_dead  ,454  413  ,12.96  1056.68  
428,Pocillopora  ,484  ,333.67  ,Pocillopora  Pocillopora  Pocillopora  ,567  579  583  ,264.67  34.12  53.24  ,Pocillopora  Pocillopora  Pocillopora  ,497  507  514  ,366.83  36.53  50.87  ,Pocillopora  ,423  ,305.75  
429,Pocillopora_dead  ,485  ,84.12  ,Pocillopora_dead  ,570  ,29.12  ,,,,,,
430,Pocillopora  ,486  ,431.79  ,Pocillopora  ,569  ,543.79  ,Pocillopora  ,498  ,597.32  ,Pocillopora  ,425  ,687.67  
431,Pocillopora  ,487  ,3.03  ,,,,,,,,,
432,Pocillopora  ,488  ,132.25  ,Pocillopora  ,572  ,160.68  ,Pocillopora  ,502  ,200.84  ,Pocillopora  ,446  ,15.42  
433,Pocillopora  ,489  ,510.29  ,Pocillopora  Pocillopora  ,574  603  ,411.55  86.52  ,,,,,,
434,Pocillopora  ,490  ,401.25  ,Pocillopora  ,568  ,498.4  ,Pocillopora  Pocillopora  ,500  512  ,29.93  501.19  ,Pocillopora  ,429  ,730.39  
435,Pocillopora  ,491  ,265.18  ,Pocillopora  ,576  ,207.71  ,Pocillopora  ,506  ,171.19  ,Pocillopora  ,428  ,190.76  
436,Pocillopora  ,492  ,134.05  ,Pocillopora  ,578  ,114.77  ,,,,,,
437,Pocillopora  ,493  ,99.18  ,,,,,,,,,
438,Acropora  ,494  ,148.86  ,Acropora  ,577  ,188.14  ,,,,,,
439,Pocillopora  ,495  ,146.69  ,Pocillopora  ,582  ,166.72  ,Pocillopora  ,511  ,145.56  ,Pocillopora  ,436  ,114.14  
440,Acropora  ,496  ,223.54  ,Acropora  ,581  ,256.55  ,Acropora  ,510  ,244.16  ,Acropora  ,438  ,247.65  
441,Pocillopora  ,497  ,4.35  ,,,,,,,,,
442,Pocillopora  ,498  ,303.17  ,Pocillopora  ,592  ,234.74  ,Pocillopora  ,519  ,268.96  ,,,
443,Pocillopora  ,499  ,7.61  ,,,,,,,,,
444,Pocillopora  Pocillopora  ,500  525  ,424.86  34.6  ,Pocillopora  Pocillopora  ,584  619  ,553.49  61.86  ,Pocillopora  ,545  ,67.51  ,Pocillopora  ,439  ,756.22  
445,Pocillopora  ,501  ,403.66  ,Pocillopora  ,586  ,430.39  ,Pocillopora  ,516  ,466.93  ,Pocillopora  Pocillopora  ,443  470  ,167.39  21.29  
446,Pocillopora  ,503  ,284.33  ,Pocillopora  Pocillopora  ,589  604  ,370.68  12.17  ,Pocillopora  ,518  ,450.55  ,Pocillopora  ,448  ,507.56  
447,Pocillopora  ,504  ,47.75  ,Pocillopora  ,588  ,70.7  ,,,,,,
448,Acropora  ,505  ,293.22  ,Acropora  ,594  ,360.08  ,,,,,,
449,Pocillopora  Pocillopora  ,506  520  ,136.68  177.48  ,Pocillopora  ,593  ,320.47  ,,,,Pocillopora  ,445  ,64.91  
450,Pocillopora  ,507  ,74.82  ,,,,,,,,,
451,Pocillopora  ,508  ,112.37  ,Pocillopora  ,600  ,127.85  ,Pocillopora  ,525  ,229.56  ,Pocillopora  ,452  ,237.31  
452,Pocillopora  ,509  ,282.17  ,Pocillopora  ,598  ,333.46  ,,,,,,
453,Pocillopora  Pocillopora  ,510  531  ,229.38  61.54  ,Pocillopora  Pocillopora  ,599  626  ,238.85  98.78  ,Pocillopora  Pocillopora  ,523  553  ,327.08  141.7  ,Pocillopora  ,447  ,447.5  
454,Pocillopora_dead  ,511  ,0.37  ,,,,,,,,,
455,Pocillopora  ,512  ,57.63  ,Pocillopora  ,597  ,83.32  ,Pocillopora  ,529  ,21.67  ,,,
456,Pocillopora  ,513  ,274.97  ,Pocillopora  ,608  ,283.06  ,Pocillopora  ,535  ,280.71  ,Pocillopora  ,464  ,212.1  
457,Pocillopora  ,514  ,229.68  ,,,,,,,,,
458,Pocillopora  ,515  ,154.24  ,Pocillopora  ,614  ,166.44  ,Pocillopora  ,539  ,205.04  ,Pocillopora  ,472  ,192.86  
459,Pocillopora  ,516  ,85.25  ,Pocillopora  ,605  ,103.55  ,Pocillopora  ,532  ,100.38  ,Pocillopora  ,463  ,58.54  
460,Pocillopora  ,517  ,180.48  ,Pocillopora  ,606  ,217.72  ,,,,,,
461,Pocillopora  ,518  ,6.82  ,,,,,,,,,
462,Pocillopora  ,519  ,237.19  ,Pocillopora  Pocillopora  ,607  616  ,253.23  44.32  ,Pocillopora  Pocillopora  ,530  542  ,315.92  43.72  ,Pocillopora  Pocillopora  Pocillopora  ,467  475  457  ,5.26  4.38  294.01  
463,Pocillopora  ,521  ,137.07  ,Pocillopora  ,612  ,214.54  ,Pocillopora  ,537  ,266.0  ,Pocillopora  ,468  ,300.98  
464,Pocillopora  ,522  ,118.94  ,Pocillopora  ,611  ,142.05  ,Pocillopora  ,536  ,186.48  ,Pocillopora  ,471  ,173.06  
465,Pocillopora  ,523  ,26.53  ,Pocillopora  ,618  ,44.07  ,,,,,,
466,Pocillopora  ,524  ,50.6  ,Pocillopora  ,617  ,69.73  ,Pocillopora  ,541  ,93.27  ,Pocillopora  ,479  ,126.56  
467,Pocillopora  ,526  ,239.04  ,Pocillopora  ,622  ,302.78  ,Pocillopora  ,548  ,390.98  ,Pocillopora  ,484  ,352.93  
468,Pocillopora  ,527  ,106.33  ,,,,,,,,,
469,Pocillopora  ,528  ,177.26  ,Pocillopora  ,620  ,290.97  ,,,,,,
470,Pocillopora  ,529  ,2.39  ,,,,,,,,,
471,Acropora  ,530  ,173.45  ,Acropora  ,623  ,245.09  ,Acropora  ,547  ,297.74  ,Acropora  ,483  ,361.6  
472,Acropora  ,532  ,227.69  ,Acropora  ,624  ,333.61  ,,,,,,
473,Pocillopora  ,533  ,451.51  ,Pocillopora  Pocillopora  ,625  640  ,299.24  299.64  ,Pocillopora  Pocillopora  ,552  564  ,333.43  391.25  ,Pocillopora  Pocillopora  ,490  500  ,363.84  420.56  
474,Pocillopora  ,534  ,219.99  ,Pocillopora  ,631  ,228.29  ,Pocillopora  ,555  ,309.73  ,Pocillopora  Pocillopora  Pocillopora  Pocillopora  ,498  508  513  510  ,15.86  7.33  2.94  93.03  
475,Pocillopora  ,535  ,321.96  ,Pocillopora  Pocillopora  ,630  651  ,269.04  81.56  ,Pocillopora  ,551  ,362.64  ,Pocillopora  ,491  ,310.04  
476,Pocillopora  Pocillopora  ,536  551  ,186.05  241.89  ,Pocillopora  ,634  ,503.53  ,Pocillopora  ,574  ,377.08  ,Pocillopora  ,517  ,317.62  
477,Pocillopora  ,537  ,403.29  ,Pocillopora  ,632  ,421.24  ,,,,,,
478,Pocillopora  ,538  ,135.84  ,Pocillopora  ,635  ,141.24  ,,,,,,
479,Pocillopora  ,539  ,228.77  ,Pocillopora  ,636  ,234.65  ,Pocillopora  ,561  ,350.34  ,Pocillopora  ,499  ,297.61  
480,Pocillopora  ,540  ,87.95  ,Pocillopora  ,637  ,93.59  ,Pocillopora  ,565  ,106.51  ,Pocillopora  ,504  ,92.15  
481,Pocillopora  ,541  ,70.75  ,,,,,,,,,
482,Pocillopora  ,542  ,195.1  ,Pocillopora  ,638  ,321.74  ,,,,,,
483,Pocillopora  ,543  ,62.35  ,Pocillopora  ,642  ,90.82  ,Pocillopora  ,568  ,120.14  ,Pocillopora  ,505  ,123.7  
484,Pocillopora  ,544  ,166.45  ,Pocillopora  ,643  ,290.0  ,,,,,,
485,Pocillopora  ,545  ,120.93  ,,,,,,,,,
486,Pocillopora  ,546  ,388.86  ,Pocillopora  Pocillopora  ,652  662  ,312.53  107.73  ,Pocillopora  ,578  ,474.25  ,Pocillopora  ,523  ,564.18  
487,Pocillopora  ,547  ,97.99  ,Pocillopora  ,645  ,118.88  ,Pocillopora  ,567  ,208.83  ,Pocillopora  ,503  ,181.38  
488,Pocillopora  ,548  ,343.09  ,Pocillopora  ,644  ,428.23  ,Pocillopora  ,571  ,418.76  ,Pocillopora  ,516  ,322.98  
489,Pocillopora  ,549  ,114.83  ,Pocillopora  ,650  ,106.55  ,Pocillopora  ,575  ,108.33  ,Pocillopora  ,520  ,70.67  
490,Pocillopora  ,550  ,108.93  ,Pocillopora  ,648  ,141.73  ,Pocillopora  ,572  ,176.79  ,Pocillopora  ,512  ,201.52  
491,Pocillopora_dead  ,552  ,14.18  ,Pocillopora_dead  ,649  ,26.8  ,,,,,,
492,Pocillopora  ,553  ,157.99  ,Pocillopora  ,655  ,226.63  ,,,,,,
493,Pocillopora  ,554  ,58.76  ,Pocillopora  ,658  ,56.48  ,Pocillopora  ,581  ,70.72  ,,,
494,Pocillopora  ,555  ,10.41  ,,,,,,,,,
495,Pocillopora  ,556  ,337.32  ,Pocillopora  ,667  ,268.45  ,Pocillopora  ,595  ,262.21  ,Pocillopora  ,530  ,469.64  
496,Pocillopora  ,557  ,52.17  ,Pocillopora  ,659  ,86.4  ,Pocillopora  ,585  ,132.79  ,Pocillopora  ,527  ,146.76  
497,Pocillopora  ,558  ,12.3  ,,,,,,,,,
498,Pocillopora  ,559  ,211.51  ,Pocillopora  ,660  ,323.46  ,Pocillopora  ,584  ,424.38  ,Pocillopora  ,525  ,582.13  
499,Pocillopora  ,560  ,270.64  ,Pocillopora  ,664  ,334.29  ,Pocillopora  ,594  ,386.38  ,Pocillopora  ,535  ,416.69  
500,Pocillopora  ,561  ,0.35  ,,,,,,,,,
501,Pocillopora  ,562  ,286.65  ,Pocillopora  ,665  ,257.14  ,Pocillopora  Pocillopora  ,586  605  ,228.63  57.23  ,Pocillopora  Pocillopora  Pocillopora  Pocillopora  ,529  536  544  549  ,10.62  11.92  10.1  5.24  
502,Pocillopora  ,563  ,167.52  ,,,,,,,,,
503,Pocillopora_dead  Pocillopora_dead  ,564  570  ,3.52  5.27  ,,,,Pocillopora_dead  Pocillopora_dead  Pocillopora_dead  Pocillopora_dead  Pocillopora_dead  Pocillopora_dead  Pocillopora_dead  Pocillopora_dead  Pocillopora_dead  ,580  583  606  611  615  653  655  677  678  ,239.6  196.17  42.27  247.25  543.54  291.67  25.71  814.58  46.91  ,Pocillopora_dead  ,522  ,4013.45  
504,Pocillopora  ,565  ,259.06  ,Pocillopora  Pocillopora  ,668  675  ,194.9  94.99  ,Pocillopora  Pocillopora  ,592  596  ,171.44  95.37  ,Pocillopora  ,533  ,164.94  
505,Pocillopora  ,566  ,22.72  ,,,,,,,,,
506,Pocillopora  ,567  ,340.57  ,Pocillopora  ,678  ,318.92  ,Pocillopora  ,598  ,330.21  ,Pocillopora  Pocillopora  ,539  564  ,12.1  4.17  
507,Pocillopora  ,568  ,106.07  ,Pocillopora  ,685  ,134.2  ,Pocillopora  ,604  ,173.33  ,Pocillopora  ,547  ,102.76  
508,Pocillopora  ,569  ,26.93  ,Pocillopora  ,679  ,48.06  ,Pocillopora  ,600  ,70.61  ,Pocillopora  ,542  ,75.21  
509,Pocillopora_dead  ,571  ,110.14  ,,,,,,,,,
510,Pocillopora  ,572  ,15.33  ,Pocillopora  ,683  ,39.63  ,,,,,,
511,Acropora  ,573  ,304.63  ,Acropora  ,682  ,324.98  ,,,,,,
512,Pocillopora  ,574  ,38.01  ,Pocillopora  ,691  ,54.77  ,,,,,,
513,Pocillopora  ,575  ,242.44  ,Pocillopora  ,688  ,244.63  ,,,,,,
514,Pocillopora  ,576  ,84.12  ,Pocillopora  ,690  ,116.73  ,Pocillopora  ,610  ,69.32  ,,,
515,Acropora  ,577  ,36.75  ,Acropora  ,693  ,76.6  ,,,,,,
516,Pocillopora  ,578  ,348.88  ,Pocillopora  ,672  ,567.35  ,Pocillopora  ,588  ,740.0  ,Pocillopora  ,545  ,647.04  
517,Pocillopora  ,579  ,155.73  ,Pocillopora  Pocillopora  ,699  700  ,135.8  11.6  ,Pocillopora  ,616  ,152.04  ,Pocillopora  ,555  ,148.65  
518,Pocillopora  ,580  ,564.62  ,Pocillopora  Pocillopora  ,696  716  ,469.64  173.05  ,Pocillopora  ,630  ,193.49  ,Pocillopora  ,563  ,90.58  
519,Pocillopora  Pocillopora  ,581  586  ,8.21  134.88  ,Pocillopora  ,698  ,217.53  ,Pocillopora  ,619  ,272.08  ,Pocillopora  ,554  ,301.07  
520,Pocillopora  ,582  ,90.14  ,Pocillopora  ,704  ,131.44  ,,,,,,
521,Pocillopora  ,583  ,5.26  ,,,,,,,,,
522,Pocillopora  ,584  ,310.2  ,Pocillopora  ,708  ,220.85  ,Pocillopora  ,632  ,265.86  ,Pocillopora  ,566  ,292.06  
523,Pocillopora  ,585  ,412.14  ,Pocillopora  ,694  ,590.11  ,,,,,,
524,Pocillopora  ,587  ,108.81  ,Pocillopora  ,703  ,135.77  ,,,,,,
525,Pocillopora  ,588  ,75.26  ,,,,,,,,,
526,Pocillopora  Pocillopora  ,589  604  ,237.64  102.21  ,Pocillopora  ,709  ,283.7  ,Pocillopora  Pocillopora  ,628  643  ,96.66  190.83  ,Pocillopora  Pocillopora  ,561  577  ,134.51  186.44  
527,Pocillopora  ,590  ,412.51  ,Pocillopora  Pocillopora  Pocillopora  Pocillopora  ,702  717  728  732  ,39.19  72.71  320.43  16.89  ,Pocillopora  ,621  ,175.05  ,Pocillopora  ,569  ,128.51  
528,Pocillopora  Pocillopora  ,591  597  ,8.78  69.95  ,Pocillopora  ,713  ,145.16  ,Pocillopora  ,639  ,91.54  ,,,
529,Pocillopora  ,592  ,175.94  ,,,,,,,,,
530,Pocillopora  ,593  ,6.31  ,,,,,,,,,
531,Pocillopora  ,594  ,58.75  ,Pocillopora  ,718  ,68.93  ,Pocillopora  ,634  ,98.59  ,Pocillopora  ,568  ,81.49  
532,Pocillopora  ,595  ,40.17  ,Pocillopora  ,720  ,41.11  ,Pocillopora  ,636  ,57.81  ,Pocillopora  ,570  ,81.97  
533,Pocillopora  ,596  ,122.26  ,,,,,,,,,
534,Pocillopora  ,598  ,184.57  ,Pocillopora  ,722  ,273.68  ,,,,,,
535,Pocillopora  ,599  ,151.23  ,Pocillopora  ,725  ,177.93  ,Pocillopora  ,640  ,231.17  ,Pocillopora  ,571  ,322.16  
536,Pocillopora  ,600  ,10.7  ,Pocillopora  ,712  ,68.58  ,,,,,,
537,Pocillopora  ,601  ,369.91  ,Pocillopora  ,729  ,512.55  ,,,,,,
538,Pocillopora  ,602  ,313.98  ,Pocillopora  ,727  ,373.94  ,Pocillopora  ,641  ,446.79  ,Pocillopora  Pocillopora  Pocillopora  ,575  590  602  ,21.28  190.4  0.72  
539,Pocillopora_dead  ,603  ,2.46  ,,,,Pocillopora_dead  ,620  ,191.99  ,Pocillopora_dead  ,556  ,114.2  
540,Pocillopora  ,605  ,97.72  ,Pocillopora  ,730  ,124.72  ,Pocillopora  ,652  ,66.61  ,Pocillopora  ,582  ,86.62  
541,Pocillopora_dead  ,606  ,5.27  ,,,,,,,,,
542,Pocillopora  ,607  ,204.65  ,Pocillopora  ,734  ,272.27  ,Pocillopora  ,646  ,319.53  ,Pocillopora  ,580  ,302.16  
543,Pocillopora  ,608  ,416.99  ,Pocillopora  Pocillopora  ,735  756  ,185.97  227.13  ,Pocillopora  ,668  ,302.58  ,Pocillopora  Pocillopora  ,597  601  ,270.43  7.86  
544,Pocillopora  ,609  ,97.13  ,Pocillopora  ,738  ,129.65  ,Pocillopora  ,650  ,169.54  ,Pocillopora  ,581  ,174.6  
545,Pocillopora  ,610  ,29.4  ,Pocillopora  ,736  ,59.67  ,Pocillopora  ,649  ,87.68  ,Pocillopora  ,578  ,110.51  
546,Pocillopora  ,611  ,75.5  ,Pocillopora  ,750  ,46.44  ,Pocillopora  ,663  ,65.36  ,Pocillopora  ,591  ,112.97  
547,Pocillopora  ,612  ,232.36  ,Pocillopora  ,740  ,257.99  ,,,,,,
548,Pocillopora  ,613  ,141.42  ,,,,,,,,,
549,Pocillopora  ,614  ,114.3  ,Pocillopora  ,742  ,143.28  ,Pocillopora  ,659  ,152.56  ,Pocillopora  ,586  ,162.23  
550,Pocillopora  ,615  ,15.01  ,Pocillopora  ,744  ,48.08  ,,,,,,
551,Pocillopora  ,616  ,480.36  ,Pocillopora  ,745  ,653.35  ,Pocillopora  ,662  ,634.34  ,Pocillopora  ,587  ,735.68  
552,Pocillopora  ,617  ,141.82  ,Pocillopora  ,748  ,224.71  ,,,,Pocillopora  ,593  ,15.41  
553,Pocillopora  ,618  ,132.45  ,,,,,,,,,
554,Pocillopora  ,619  ,384.2  ,Pocillopora  Pocillopora  ,747  762  ,308.97  31.85  ,Pocillopora  ,660  ,320.24  ,Pocillopora  ,592  ,259.4  
555,Pocillopora  ,620  ,146.95  ,Pocillopora  ,761  ,85.93  ,,,,,,
556,Pocillopora  ,621  ,23.35  ,Pocillopora  ,751  ,25.67  ,Pocillopora  ,665  ,32.6  ,,,
557,Pocillopora  ,622  ,77.02  ,,,,,,,,,
558,Pocillopora  ,623  ,686.57  ,Pocillopora  Pocillopora  Pocillopora  Pocillopora  ,753  760  769  781  ,94.27  281.33  67.75  274.96  ,Pocillopora  Pocillopora  Pocillopora  Pocillopora  Pocillopora  ,666  673  681  691  700  ,103.67  316.43  54.65  213.93  42.43  ,Pocillopora  Pocillopora  Pocillopora  Pocillopora  ,594  598  608  615  ,87.21  278.13  7.6  207.31  
559,Pocillopora  ,624  ,126.01  ,Pocillopora  ,758  ,106.06  ,Pocillopora  ,669  ,62.02  ,,,
560,Pocillopora  ,625  ,76.87  ,Pocillopora  ,759  ,130.13  ,Pocillopora  ,671  ,160.61  ,Pocillopora  ,596  ,210.85  
561,Acropora  ,626  ,199.08  ,Acropora  ,765  ,273.59  ,Acropora  ,676  ,297.93  ,Acropora  ,603  ,304.52  
562,Pocillopora  ,627  ,345.2  ,Pocillopora  Pocillopora  ,767  776  ,46.94  341.03  ,,,,,,
563,Pocillopora  ,628  ,530.59  ,Pocillopora  ,766  ,698.43  ,,,,,,
564,Pocillopora  ,629  ,397.32  ,Pocillopora  ,768  ,578.55  ,,,,,,
565,Acropora  ,630  ,41.29  ,Acropora  ,774  ,64.02  ,,,,,,
566,Pocillopora  ,631  ,32.6  ,Pocillopora  ,777  ,47.57  ,Pocillopora  ,687  ,61.21  ,Pocillopora  ,612  ,5.95  
567,Pocillopora  ,632  ,173.21  ,Pocillopora  ,775  ,229.0  ,Pocillopora  ,685  ,295.05  ,Pocillopora  ,610  ,302.25  
568,Pocillopora_dead  ,633  ,10.54  ,Pocillopora_dead  ,772  ,61.46  ,Pocillopora_dead  ,683  ,493.03  ,Pocillopora_dead  ,609  ,294.59  
569,Pocillopora  ,634  ,2.29  ,,,,,,,,,
570,Pocillopora  ,635  ,96.92  ,,,,,,,,,
571,Pocillopora  ,636  ,92.99  ,Pocillopora  ,782  ,144.32  ,Pocillopora  ,692  ,182.2  ,Pocillopora  Pocillopora  ,616  617  ,1.83  191.3  
572,Pocillopora  ,637  ,113.44  ,Pocillopora  ,784  ,158.16  ,Pocillopora  ,697  ,165.0  ,Pocillopora  ,626  ,195.32  
573,Pocillopora_dead  ,638  ,3.12  ,,,,Pocillopora_dead  Pocillopora_dead  ,695  708  ,189.2  151.05  ,Pocillopora_dead  ,625  ,404.55  
574,Pocillopora  ,639  ,112.64  ,Pocillopora  ,785  ,152.73  ,,,,,,
575,Pocillopora  ,640  ,453.44  ,Pocillopora  ,788  ,604.66  ,Pocillopora  ,698  ,681.51  ,Pocillopora  ,624  ,691.41  
576,Pocillopora  ,641  ,119.7  ,Pocillopora  ,789  ,101.43  ,Pocillopora  ,702  ,125.78  ,,,
577,Pocillopora_dead  ,642  ,10.12  ,,,,,,,,,
578,Pocillopora  ,643  ,63.06  ,Pocillopora  ,791  ,81.33  ,Pocillopora  ,704  ,79.48  ,Pocillopora  ,632  ,60.91  
579,Pocillopora  ,644  ,64.33  ,Pocillopora  ,792  ,77.81  ,Pocillopora  ,703  ,93.03  ,Pocillopora  ,631  ,89.93  
580,Pocillopora  ,645  ,54.68  ,,,,Pocillopora  ,705  ,34.6  ,Pocillopora  ,633  ,139.66  
581,Pocillopora  Pocillopora  ,646  650  ,49.62  67.68  ,Pocillopora  Pocillopora  ,793  797  ,75.56  113.76  ,Pocillopora  Pocillopora  ,706  707  ,72.27  200.07  ,Pocillopora  ,634  ,319.73  
582,Pocillopora  ,647  ,27.96  ,,,,,,,Pocillopora  ,637  ,68.22  
583,Pocillopora  ,648  ,129.02  ,Pocillopora  ,795  ,139.75  ,Pocillopora  ,709  ,160.38  ,Pocillopora  ,636  ,169.61  
584,Pocillopora  ,649  ,89.56  ,,,,,,,,,
585,Pocillopora  ,651  ,35.3  ,Pocillopora  ,799  ,44.31  ,Pocillopora  ,710  ,67.77  ,,,
586,Pocillopora  ,652  ,122.79  ,Pocillopora  ,800  ,154.01  ,Pocillopora  ,713  ,161.38  ,Pocillopora  ,641  ,187.06  
587,Pocillopora  ,653  ,33.19  ,Pocillopora  ,802  ,44.63  ,Pocillopora  ,715  ,26.75  ,,,
588,Pocillopora_dead  ,654  ,3.67  ,,,,,,,,,
589,Pocillopora  ,655  ,86.31  ,,,,,,,,,
590,Pocillopora  ,656  ,84.16  ,Pocillopora  ,806  ,110.41  ,Pocillopora  ,722  ,85.97  ,,,
591,Pocillopora  ,657  ,5.37  ,,,,,,,,,
592,,,,Pocillopora  ,0  ,805.57  ,Pocillopora  ,0  ,945.02  ,Pocillopora  ,2  ,1091.04  
593,,,,Pocillopora  ,1  ,227.08  ,,,,,,
594,,,,Pocillopora  ,2  ,13.3  ,,,,,,
595,,,,Pocillopora_dead  ,8  ,15.5  ,,,,,,
596,,,,Pocillopora  ,9  ,19.8  ,,,,,,
597,,,,Pocillopora  ,10  ,3.67  ,,,,,,
598,,,,Pocillopora_dead  ,11  ,21.49  ,,,,,,
599,,,,Pocillopora_dead  ,13  ,83.31  ,Pocillopora_dead  ,10  ,651.65  ,,,
600,,,,Pocillopora  ,17  ,109.58  ,,,,,,
601,,,,Pocillopora_dead  ,24  ,19.77  ,,,,,,
602,,,,Pocillopora_dead  ,26  ,24.94  ,Pocillopora_dead  ,22  ,66.11  ,,,
603,,,,Pocillopora_dead  ,27  ,50.37  ,Pocillopora_dead  ,19  ,108.72  ,,,
604,,,,Pocillopora  ,39  ,43.73  ,,,,,,
605,,,,Pocillopora  ,43  ,104.63  ,Pocillopora  ,37  ,72.72  ,,,
606,,,,Pocillopora  ,45  ,30.22  ,Pocillopora  ,40  ,27.31  ,,,
607,,,,Acropora  ,50  ,19.28  ,,,,,,
608,,,,Pocillopora  ,51  ,14.04  ,,,,,,
609,,,,Pocillopora  ,55  ,107.46  ,Pocillopora  ,48  ,177.77  ,,,
610,,,,Pocillopora  ,59  ,137.83  ,Pocillopora  ,49  ,225.79  ,Pocillopora  ,47  ,290.57  
611,,,,Pocillopora  ,62  ,4.65  ,,,,,,
612,,,,Pocillopora_dead  ,66  ,85.24  ,,,,,,
613,,,,Pocillopora_dead  ,69  ,325.13  ,,,,,,
614,,,,Pocillopora_dead  ,74  ,38.04  ,Pocillopora_dead  ,56  ,84.28  ,,,
615,,,,Pocillopora_dead  ,77  ,71.19  ,,,,,,
616,,,,Pocillopora  ,81  ,54.6  ,,,,,,
617,,,,Pocillopora_dead  ,83  ,38.93  ,,,,,,
618,,,,Pocillopora  ,84  ,12.42  ,,,,,,
619,,,,Pocillopora_dead  ,86  ,7.09  ,,,,,,
620,,,,Pocillopora_dead  ,91  ,31.09  ,Pocillopora_dead  Pocillopora_dead  ,77  84  ,78.41  72.55  ,Pocillopora_dead  ,73  ,278.1  
621,,,,Pocillopora_dead  ,93  ,105.02  ,Pocillopora_dead  ,75  ,221.6  ,Pocillopora_dead  ,83  ,2.33  
622,,,,Pocillopora  ,99  ,108.09  ,,,,,,
623,,,,Pocillopora  ,102  ,11.21  ,,,,,,
624,,,,Pocillopora  ,109  ,12.14  ,,,,,,
625,,,,Pocillopora  ,116  ,55.42  ,,,,,,
626,,,,Pocillopora  ,120  ,5.93  ,,,,,,
627,,,,Pocillopora_dead  ,121  ,24.52  ,,,,,,
628,,,,Pocillopora  ,123  ,41.06  ,,,,,,
629,,,,Pocillopora  ,126  ,17.43  ,,,,,,
630,,,,Acropora  ,128  ,179.11  ,Acropora  ,108  ,73.7  ,,,
631,,,,Pocillopora  ,133  ,26.15  ,Pocillopora  ,116  ,19.55  ,,,
632,,,,Pocillopora_dead  ,138  ,28.22  ,,,,,,
633,,,,Pocillopora_dead  ,139  ,118.27  ,Pocillopora_dead  Pocillopora_dead  ,109  120  ,41.11  38.89  ,Pocillopora_dead  ,95  ,216.58  
634,,,,Pocillopora_dead  ,142  ,85.1  ,Pocillopora_dead  ,118  ,117.33  ,,,
635,,,,Pocillopora_dead  ,148  ,11.29  ,,,,,,
636,,,,Pocillopora_dead  ,150  ,19.63  ,,,,,,
637,,,,Acropora  ,152  ,5.65  ,,,,,,
638,,,,Pocillopora_dead  ,154  ,87.0  ,,,,,,
639,,,,Pocillopora  ,157  ,54.06  ,,,,,,
640,,,,Pocillopora  ,161  ,145.94  ,,,,,,
641,,,,Pocillopora  ,165  ,13.51  ,,,,,,
642,,,,Pocillopora  ,166  ,304.8  ,Pocillopora  ,134  ,368.18  ,,,
643,,,,Pocillopora_dead  ,168  ,83.94  ,,,,,,
644,,,,Pocillopora_dead  ,176  ,57.51  ,,,,,,
645,,,,Pocillopora  ,179  ,54.83  ,Pocillopora  ,146  ,85.67  ,Pocillopora  ,130  ,52.13  
646,,,,Pocillopora_dead  ,183  ,35.6  ,,,,,,
647,,,,Pocillopora_dead  ,184  ,16.52  ,,,,,,
648,,,,Pocillopora  ,186  ,82.71  ,,,,,,
649,,,,Pocillopora_dead  ,187  ,61.03  ,Pocillopora_dead  ,135  ,740.87  ,Pocillopora_dead  ,161  ,6.07  
650,,,,Pocillopora_dead  ,195  ,33.53  ,,,,,,
651,,,,Pocillopora  ,198  ,62.2  ,Pocillopora  ,154  ,93.87  ,Pocillopora  ,135  ,122.37  
652,,,,Pocillopora  ,199  ,94.0  ,,,,,,
653,,,,Pocillopora_dead  ,201  ,23.97  ,,,,,,
654,,,,Pocillopora_dead  ,210  ,47.48  ,,,,,,
655,,,,Pocillopora_dead  ,217  ,70.02  ,,,,,,
656,,,,Pocillopora  ,219  ,57.47  ,Pocillopora  ,177  ,63.75  ,,,
657,,,,Pocillopora_dead  ,223  ,40.52  ,Pocillopora_dead  ,151  ,707.89  ,,,
658,,,,Pocillopora  ,226  ,134.2  ,,,,,,
659,,,,Pocillopora_dead  ,233  ,101.93  ,,,,,,
660,,,,Pocillopora_dead  ,235  ,9.76  ,,,,,,
661,,,,Pocillopora_dead  ,239  ,18.52  ,,,,,,
662,,,,Pocillopora_dead  ,248  ,31.64  ,Pocillopora_dead  ,205  ,27.81  ,Pocillopora_dead  ,184  ,142.54  
663,,,,Pocillopora_dead  ,252  ,21.0  ,,,,,,
664,,,,Pocillopora_dead  ,254  ,110.98  ,,,,,,
665,,,,Pocillopora_dead  ,255  ,11.53  ,,,,,,
666,,,,Pocillopora  ,262  ,171.26  ,Pocillopora  ,216  ,210.93  ,,,
667,,,,Pocillopora  ,263  ,123.1  ,Pocillopora  ,218  ,203.79  ,Pocillopora  ,199  ,118.31  
668,,,,Pocillopora_dead  ,265  ,6.45  ,Pocillopora_dead  ,180  ,516.99  ,Pocillopora_dead  ,146  ,581.87  
669,,,,Pocillopora_dead  ,266  ,80.85  ,,,,,,
670,,,,Pocillopora  Pocillopora  ,270  280  ,63.16  154.39  ,Pocillopora  ,225  ,211.02  ,Pocillopora  ,212  ,119.51  
671,,,,Pocillopora  ,271  ,18.95  ,Pocillopora  ,224  ,25.59  ,,,
672,,,,Pocillopora  ,272  ,10.85  ,,,,,,
673,,,,Pocillopora_dead  ,273  ,49.51  ,,,,,,
674,,,,Pocillopora_dead  ,279  ,8.53  ,,,,,,
675,,,,Pocillopora  ,283  ,141.31  ,,,,,,
676,,,,Pocillopora  ,290  ,22.28  ,,,,,,
677,,,,Pocillopora  ,291  ,34.03  ,Pocillopora  ,244  ,67.15  ,,,
678,,,,Pocillopora_dead  ,294  ,214.44  ,,,,,,
679,,,,Pocillopora  ,296  ,13.11  ,,,,,,
680,,,,Pocillopora  ,298  ,51.33  ,Pocillopora  ,253  ,98.34  ,Pocillopora  ,225  ,112.14  
681,,,,Pocillopora  ,300  ,29.63  ,Pocillopora  ,255  ,73.31  ,Pocillopora  ,228  ,88.08  
682,,,,Pocillopora_dead  ,304  ,18.37  ,,,,,,
683,,,,Pocillopora_dead  ,306  ,12.86  ,,,,,,
684,,,,Pocillopora  ,307  ,180.61  ,Pocillopora  Pocillopora  ,262  270  ,46.95  39.61  ,Pocillopora  ,235  ,134.1  
685,,,,Pocillopora  ,313  ,23.59  ,,,,,,
686,,,,Pocillopora  ,315  ,54.07  ,,,,,,
687,,,,Acropora  ,317  ,99.57  ,,,,,,
688,,,,Acropora  ,319  ,6.68  ,,,,,,
689,,,,Pocillopora_dead  ,324  ,64.21  ,,,,,,
690,,,,Pocillopora_dead  ,330  ,56.47  ,,,,,,
691,,,,Acropora  ,336  ,43.89  ,,,,,,
692,,,,Pocillopora_dead  ,348  ,40.14  ,,,,,,
693,,,,Pocillopora_dead  ,349  ,77.01  ,,,,,,
694,,,,Pocillopora_dead  ,350  ,23.78  ,Pocillopora_dead  ,305  ,34.24  ,Pocillopora_dead  ,267  ,30.9  
695,,,,Pocillopora  ,353  ,68.76  ,,,,,,
696,,,,Pocillopora_dead  Pocillopora_dead  ,354  359  ,87.47  78.34  ,Pocillopora_dead  ,283  ,1318.26  ,,,
697,,,,Pocillopora_dead  ,366  ,56.68  ,,,,,,
698,,,,Pocillopora  ,367  ,16.48  ,Pocillopora  ,319  ,16.05  ,,,
699,,,,Pocillopora  ,378  ,44.64  ,Pocillopora  ,331  ,37.25  ,Pocillopora  ,288  ,230.41  
700,,,,Acropora  ,384  ,63.17  ,,,,,,
701,,,,Pocillopora_dead  ,386  ,13.03  ,Pocillopora_dead  ,336  ,25.97  ,,,
702,,,,Pocillopora_dead  ,388  ,11.92  ,Pocillopora_dead  ,334  ,55.78  ,,,
703,,,,Pocillopora_dead  ,391  ,11.97  ,,,,,,
704,,,,Pocillopora_dead  ,401  ,12.02  ,Pocillopora_dead  ,337  ,83.74  ,Pocillopora_dead  ,293  ,93.81  
705,,,,Pocillopora  ,409  ,2.05  ,,,,,,
706,,,,Pocillopora_dead  ,413  ,52.2  ,Pocillopora_dead  ,355  ,837.45  ,,,
707,,,,Pocillopora  ,423  ,97.64  ,,,,,,
708,,,,Pocillopora_dead  ,426  ,105.51  ,,,,,,
709,,,,Pocillopora_dead  ,427  ,1.64  ,,,,,,
710,,,,Pocillopora_dead  ,430  ,26.87  ,,,,,,
711,,,,Pocillopora_dead  ,437  ,50.85  ,Pocillopora_dead  ,369  ,471.68  ,,,
712,,,,Pocillopora_dead  ,440  ,56.07  ,Pocillopora_dead  ,383  ,174.25  ,,,
713,,,,Pocillopora  ,445  ,176.48  ,Pocillopora  ,392  ,188.91  ,Pocillopora  ,345  ,73.29  
714,,,,Pocillopora  ,449  ,90.61  ,,,,,,
715,,,,Pocillopora  ,451  ,243.63  ,,,,,,
716,,,,Pocillopora  ,454  ,54.68  ,Pocillopora  ,407  ,32.15  ,,,
717,,,,Pocillopora_dead  ,455  ,42.64  ,,,,,,
718,,,,Pocillopora  ,459  ,92.25  ,,,,,,
719,,,,Pocillopora_dead  ,461  ,136.14  ,,,,,,
720,,,,Pocillopora_dead  ,463  ,30.11  ,,,,,,
721,,,,Pocillopora  ,466  ,71.85  ,Pocillopora  ,415  ,86.52  ,Pocillopora  ,364  ,101.93  
722,,,,Pocillopora_dead  ,469  ,22.08  ,,,,,,
723,,,,Pocillopora  ,472  ,23.96  ,,,,,,
724,,,,Pocillopora_dead  ,474  ,16.04  ,,,,,,
725,,,,Pocillopora_dead  ,480  ,11.36  ,,,,,,
726,,,,Pocillopora_dead  ,482  ,157.88  ,,,,,,
727,,,,Pocillopora_dead  ,483  ,36.62  ,,,,,,
728,,,,Pocillopora_dead  ,490  ,26.18  ,,,,,,
729,,,,Pocillopora  ,495  ,57.03  ,Pocillopora  ,447  ,4.31  ,,,
730,,,,Pocillopora_dead  ,497  ,50.34  ,,,,,,
731,,,,Pocillopora_dead  ,499  ,6.43  ,,,,,,
732,,,,Pocillopora_dead  ,500  ,30.29  ,,,,,,
733,,,,Pocillopora  ,501  ,61.11  ,Pocillopora  ,437  ,88.64  ,,,
734,,,,Pocillopora_dead  ,509  ,19.32  ,Pocillopora_dead  ,428  ,338.64  ,,,
735,,,,Pocillopora_dead  ,511  ,19.16  ,,,,,,
736,,,,Pocillopora  ,512  ,35.85  ,Pocillopora  ,449  ,106.81  ,,,
737,,,,Pocillopora_dead  ,520  ,39.41  ,,,,,,
738,,,,Pocillopora_dead  ,523  ,26.23  ,,,,,,
739,,,,Pocillopora_dead  ,527  ,19.44  ,Pocillopora_dead  ,452  ,598.6  ,,,
740,,,,Pocillopora_dead  ,530  ,134.95  ,,,,,,
741,,,,Pocillopora_dead  ,532  ,11.74  ,,,,,,
742,,,,Pocillopora  ,542  ,612.08  ,,,,,,
743,,,,Pocillopora_dead  ,544  ,47.84  ,,,,,,
744,,,,Pocillopora_dead  ,547  ,48.43  ,Pocillopora_dead  ,477  ,51.98  ,,,
745,,,,Pocillopora  ,550  ,22.31  ,,,,,,
746,,,,Pocillopora_dead  ,557  ,31.21  ,Pocillopora_dead  ,489  ,49.92  ,,,
747,,,,Pocillopora_dead  ,559  ,21.4  ,,,,,,
748,,,,Pocillopora  ,561  ,53.52  ,,,,,,
749,,,,Pocillopora  ,562  ,16.53  ,Pocillopora  ,491  ,38.43  ,Pocillopora  ,416  ,62.85  
750,,,,Pocillopora_dead  ,563  ,52.14  ,Pocillopora_dead  ,492  ,62.84  ,,,
751,,,,Pocillopora  ,565  ,22.36  ,Pocillopora  ,494  ,51.26  ,Pocillopora  ,421  ,59.38  
752,,,,Pocillopora_dead  ,571  ,71.7  ,Pocillopora_dead  ,499  ,176.68  ,,,
753,,,,Pocillopora  ,575  ,43.63  ,Pocillopora  ,503  ,59.21  ,Pocillopora  ,430  ,84.24  
754,,,,Pocillopora_dead  ,580  ,31.98  ,,,,,,
755,,,,Pocillopora_dead  ,585  ,13.86  ,,,,,,
756,,,,Pocillopora_dead  ,587  ,130.24  ,Pocillopora_dead  ,521  ,119.88  ,,,
757,,,,Pocillopora_dead  ,591  ,7.15  ,,,,,,
758,,,,Pocillopora  ,595  ,80.41  ,,,,,,
759,,,,Pocillopora_dead  ,596  ,64.25  ,,,,,,
760,,,,Acropora  ,601  ,39.35  ,,,,,,
761,,,,Pocillopora  ,602  ,125.68  ,,,,,,
762,,,,Pocillopora_dead  ,609  ,25.31  ,,,,,,
763,,,,Pocillopora_dead  ,610  ,34.07  ,Pocillopora_dead  ,531  ,37.33  ,,,
764,,,,Pocillopora_dead  ,613  ,19.29  ,Pocillopora_dead  ,527  ,371.33  ,Pocillopora_dead  ,451  ,1254.12  
765,,,,Pocillopora  ,615  ,57.2  ,,,,,,
766,,,,Pocillopora_dead  ,621  ,11.6  ,,,,,,
767,,,,Pocillopora_dead  ,627  ,7.94  ,,,,,,
768,,,,Pocillopora  ,628  ,73.11  ,,,,,,
769,,,,Pocillopora  ,629  ,63.28  ,,,,,,
770,,,,Pocillopora_dead  ,633  ,48.75  ,Pocillopora_dead  ,556  ,66.38  ,Pocillopora_dead  ,511  ,3.5  
771,,,,Pocillopora_dead  ,639  ,93.97  ,,,,,,
772,,,,Pocillopora_dead  ,641  ,79.23  ,,,,,,
773,,,,Pocillopora_dead  ,646  ,38.21  ,,,,,,
774,,,,Pocillopora  ,647  ,339.26  ,,,,,,
775,,,,Pocillopora_dead  ,653  ,71.75  ,,,,,,
776,,,,Pocillopora_dead  ,654  ,59.47  ,Pocillopora_dead  ,579  ,109.04  ,Pocillopora_dead  ,515  ,689.24  
777,,,,Pocillopora_dead  ,656  ,81.97  ,,,,,,
778,,,,Pocillopora  ,657  ,72.61  ,,,,,,
779,,,,Pocillopora  ,661  ,20.01  ,,,,,,
780,,,,Pocillopora_dead  ,663  ,11.39  ,,,,,,
781,,,,Pocillopora_dead  ,666  ,17.23  ,,,,,,
782,,,,Pocillopora_dead  ,669  ,40.11  ,,,,,,
783,,,,Pocillopora_dead  ,670  ,37.81  ,Pocillopora_dead  Pocillopora_dead  ,593  609  ,65.99  22.28  ,Pocillopora_dead  ,534  ,785.69  
784,,,,Pocillopora_dead  ,671  ,34.02  ,,,,,,
785,,,,Pocillopora_dead  ,673  ,38.49  ,,,,,,
786,,,,Pocillopora  ,674  ,171.55  ,,,,,,
787,,,,Pocillopora_dead  ,676  ,4.38  ,,,,,,
788,,,,Pocillopora  ,677  ,100.2  ,Pocillopora  ,590  ,146.61  ,,,
789,,,,Pocillopora_dead  ,680  ,29.02  ,Pocillopora_dead  ,597  ,280.89  ,,,
790,,,,Pocillopora  Pocillopora  ,681  689  ,33.62  15.36  ,Pocillopora  ,601  ,67.89  ,,,
791,,,,Pocillopora  ,684  ,9.53  ,,,,,,
792,,,,Pocillopora  ,686  ,34.29  ,,,,,,
793,,,,Pocillopora_dead  ,687  ,69.09  ,Pocillopora_dead  ,591  ,140.67  ,Pocillopora_dead  Pocillopora_dead  ,537  546  ,2.18  2.41  
794,,,,Pocillopora_dead  ,692  ,26.63  ,Pocillopora_dead  ,608  ,75.37  ,,,
795,,,,Pocillopora  ,695  ,20.71  ,,,,,,
796,,,,Pocillopora_dead  ,697  ,60.53  ,Pocillopora_dead  ,618  ,185.6  ,,,
797,,,,Pocillopora  ,701  ,51.33  ,Pocillopora  ,627  ,23.37  ,Pocillopora  ,558  ,34.97  
798,,,,Pocillopora  ,705  ,12.52  ,Pocillopora  ,623  ,22.75  ,,,
799,,,,Pocillopora_dead  ,706  ,70.94  ,Pocillopora_dead  ,624  ,66.68  ,Pocillopora_dead  ,559  ,79.81  
800,,,,Pocillopora  ,707  ,64.18  ,Pocillopora  ,626  ,64.8  ,Pocillopora  ,565  ,82.6  
801,,,,Pocillopora_dead  ,710  ,110.12  ,,,,,,
802,,,,Acropora  ,711  ,26.53  ,,,,,,
803,,,,Pocillopora  ,714  ,61.43  ,Pocillopora  ,635  ,44.64  ,,,
804,,,,Pocillopora_dead  ,715  ,132.25  ,Pocillopora_dead  ,633  ,113.87  ,,,
805,,,,Pocillopora_dead  ,719  ,20.99  ,,,,,,
806,,,,Pocillopora_dead  ,721  ,47.67  ,,,,,,
807,,,,Pocillopora_dead  ,723  ,112.81  ,,,,,,
808,,,,Pocillopora  ,724  ,16.71  ,,,,,,
809,,,,Pocillopora  ,726  ,171.71  ,Pocillopora  ,645  ,201.23  ,,,
810,,,,Pocillopora_dead  ,731  ,39.32  ,Pocillopora_dead  ,637  ,196.83  ,Pocillopora_dead  ,573  ,114.83  
811,,,,Pocillopora  ,733  ,24.45  ,Pocillopora  ,648  ,49.6  ,,,
812,,,,Pocillopora_dead  ,737  ,31.18  ,,,,,,
813,,,,Pocillopora  ,739  ,63.87  ,,,,,,
814,,,,Pocillopora  ,741  ,18.27  ,Pocillopora  ,654  ,34.44  ,Pocillopora  ,585  ,44.31  
815,,,,Pocillopora  ,743  ,52.61  ,Pocillopora  ,656  ,64.57  ,,,
816,,,,Pocillopora  ,746  ,27.52  ,Pocillopora  ,657  ,59.95  ,Pocillopora  ,584  ,76.3  
817,,,,Pocillopora  ,749  ,57.78  ,,,,,,
818,,,,Pocillopora_dead  ,752  ,42.88  ,,,,,,
819,,,,Pocillopora_dead  ,754  ,40.59  ,Pocillopora_dead  ,651  ,127.11  ,,,
820,,,,Pocillopora_dead  ,755  ,36.5  ,,,,,,
821,,,,Pocillopora  ,757  ,33.85  ,Pocillopora  ,670  ,35.95  ,,,
822,,,,Pocillopora  ,763  ,94.14  ,Pocillopora  ,675  ,153.65  ,Pocillopora  ,600  ,166.35  
823,,,,Pocillopora  ,764  ,22.15  ,,,,,,
824,,,,Pocillopora  ,770  ,117.37  ,Pocillopora  ,682  ,173.58  ,Pocillopora  ,606  ,219.11  
825,,,,Pocillopora_dead  ,771  ,14.24  ,,,,,,
826,,,,Pocillopora  ,773  ,148.03  ,Pocillopora  ,684  ,253.34  ,Pocillopora  ,604  ,399.02  
827,,,,Acropora  ,778  ,10.59  ,,,,,,
828,,,,Pocillopora_dead  ,779  ,24.56  ,,,,,,
829,,,,Pocillopora  ,780  ,64.59  ,Pocillopora  ,690  ,68.12  ,,,
830,,,,Acropora  ,783  ,70.35  ,Acropora  ,693  ,125.05  ,Acropora  ,614  ,164.18  
831,,,,Pocillopora  ,786  ,29.2  ,,,,,,
832,,,,Pocillopora_dead  ,787  ,199.3  ,,,,,,
833,,,,Pocillopora  Pocillopora  ,790  798  ,74.44  13.39  ,Pocillopora  ,701  ,111.0  ,,,
834,,,,Pocillopora  ,794  ,105.15  ,,,,,,
835,,,,Pocillopora  ,796  ,19.8  ,,,,,,
836,,,,Pocillopora_dead  ,801  ,6.87  ,,,,,,
837,,,,Pocillopora  ,803  ,99.29  ,Pocillopora  ,717  ,69.05  ,Pocillopora  ,650  ,45.0  
838,,,,Pocillopora_dead  ,804  ,113.08  ,Pocillopora_dead  ,719  ,62.66  ,,,
839,,,,Pocillopora  ,805  ,45.35  ,Pocillopora  ,718  ,48.83  ,,,
840,,,,,,,Pocillopora_dead  ,3  ,339.44  ,,,
841,,,,,,,Pocillopora_dead  ,5  ,732.62  ,,,
842,,,,,,,Pocillopora_dead  ,6  ,560.83  ,Pocillopora_dead  ,8  ,1116.33  
843,,,,,,,Pocillopora_dead  ,8  ,416.73  ,,,
844,,,,,,,Pocillopora_dead  ,12  ,231.58  ,,,
845,,,,,,,Pocillopora_dead  ,14  ,510.28  ,Pocillopora_dead  ,25  ,343.18  
846,,,,,,,Pocillopora_dead  ,18  ,80.1  ,,,
847,,,,,,,Pocillopora  ,21  ,30.29  ,,,
848,,,,,,,Pocillopora_dead  ,23  ,226.96  ,Pocillopora_dead  ,26  ,266.54  
849,,,,,,,Pocillopora_dead  ,26  ,495.67  ,Pocillopora_dead  ,29  ,2.07  
850,,,,,,,Pocillopora_dead  ,29  ,477.25  ,,,
851,,,,,,,Pocillopora  ,38  ,37.69  ,,,
852,,,,,,,Pocillopora_dead  ,41  ,49.21  ,,,
853,,,,,,,Pocillopora_dead  ,46  ,340.77  ,,,
854,,,,,,,Pocillopora_dead  ,52  ,47.23  ,,,
855,,,,,,,Pocillopora_dead  ,53  ,23.92  ,,,
856,,,,,,,Pocillopora_dead  ,59  ,59.95  ,,,
857,,,,,,,Pocillopora_dead  ,63  ,441.61  ,Pocillopora_dead  ,76  ,2.87  
858,,,,,,,Pocillopora_dead  ,66  ,133.31  ,,,
859,,,,,,,Pocillopora_dead  ,76  ,116.55  ,,,
860,,,,,,,Pocillopora_dead  ,78  ,398.35  ,,,
861,,,,,,,Pocillopora_dead  ,80  ,399.91  ,Pocillopora_dead  ,88  ,7.39  
862,,,,,,,Pocillopora_dead  ,81  ,298.74  ,Pocillopora_dead  ,77  ,84.97  
863,,,,,,,Pocillopora_dead  ,86  ,139.18  ,,,
864,,,,,,,Pocillopora_dead  ,87  ,167.92  ,,,
865,,,,,,,Pocillopora  ,88  ,18.41  ,Pocillopora  ,81  ,38.63  
866,,,,,,,Pocillopora_dead  ,90  ,172.61  ,,,
867,,,,,,,Pocillopora_dead  ,91  ,285.88  ,,,
868,,,,,,,Pocillopora_dead  ,92  ,925.5  ,Pocillopora_dead  ,107  ,4.83  
869,,,,,,,Pocillopora_dead  ,93  ,107.26  ,,,
870,,,,,,,Pocillopora_dead  ,94  ,685.18  ,,,
871,,,,,,,Pocillopora_dead  ,99  ,51.59  ,,,
872,,,,,,,Pocillopora_dead  ,104  ,36.06  ,,,
873,,,,,,,Pocillopora_dead  ,105  ,234.51  ,,,
874,,,,,,,Pocillopora  ,106  ,100.82  ,,,
875,,,,,,,Pocillopora_dead  ,111  ,337.7  ,,,
876,,,,,,,Pocillopora  ,112  ,32.34  ,,,
877,,,,,,,Pocillopora_dead  ,113  ,61.41  ,,,
878,,,,,,,Pocillopora_dead  ,123  ,577.68  ,,,
879,,,,,,,Pocillopora_dead  ,125  ,1012.21  ,Pocillopora_dead  ,113  ,1193.71  
880,,,,,,,Pocillopora_dead  ,126  ,65.16  ,,,
881,,,,,,,Pocillopora_dead  ,132  ,51.13  ,,,
882,,,,,,,Pocillopora_dead  ,139  ,32.16  ,,,
883,,,,,,,Pocillopora_dead  ,143  ,133.04  ,,,
884,,,,,,,Pocillopora_dead  ,148  ,129.3  ,Pocillopora_dead  ,137  ,64.37  
885,,,,,,,Pocillopora_dead  ,149  ,351.36  ,,,
886,,,,,,,Pocillopora_dead  ,158  ,38.6  ,,,
887,,,,,,,Pocillopora  ,159  ,82.28  ,,,
888,,,,,,,Pocillopora_dead  ,162  ,72.38  ,,,
889,,,,,,,Pocillopora_dead  ,163  ,28.28  ,Pocillopora_dead  ,144  ,20.8  
890,,,,,,,Pocillopora_dead  Pocillopora_dead  Pocillopora_dead  Pocillopora_dead  Pocillopora_dead  ,169  193  198  208  249  ,94.04  269.41  285.63  954.34  69.75  ,Pocillopora_dead  ,162  ,2345.49  
891,,,,,,,Pocillopora_dead  ,173  ,95.14  ,Pocillopora_dead  ,164  ,161.07  
892,,,,,,,Pocillopora_dead  ,178  ,245.57  ,,,
893,,,,,,,Pocillopora_dead  ,185  ,119.77  ,,,
894,,,,,,,Pocillopora_dead  ,187  ,331.68  ,Pocillopora_dead  Pocillopora_dead  ,163  179  ,265.75  24.49  
895,,,,,,,Pocillopora_dead  ,188  ,1031.39  ,,,
896,,,,,,,Pocillopora_dead  ,195  ,87.76  ,,,
897,,,,,,,Pocillopora_dead  ,199  ,851.44  ,,,
898,,,,,,,Pocillopora_dead  ,200  ,185.87  ,,,
899,,,,,,,Pocillopora_dead  ,206  ,108.83  ,,,
900,,,,,,,Pocillopora_dead  ,209  ,212.59  ,,,
901,,,,,,,Pocillopora_dead  ,211  ,47.78  ,,,
902,,,,,,,Pocillopora_dead  ,212  ,700.19  ,Pocillopora_dead  Pocillopora_dead  ,195  206  ,665.62  7.09  
903,,,,,,,Pocillopora_dead  ,228  ,32.56  ,,,
904,,,,,,,Pocillopora_dead  Pocillopora_dead  Pocillopora_dead  Pocillopora_dead  ,229  239  241  251  ,1131.64  62.72  526.0  163.6  ,Pocillopora_dead  ,211  ,1967.3  
905,,,,,,,Pocillopora_dead  ,235  ,307.66  ,,,
906,,,,,,,Pocillopora_dead  ,236  ,208.17  ,Pocillopora_dead  ,210  ,218.61  
907,,,,,,,Pocillopora  ,238  ,88.4  ,Pocillopora  ,216  ,107.01  
908,,,,,,,Pocillopora_dead  ,243  ,733.96  ,Pocillopora_dead  ,241  ,15.4  
909,,,,,,,Pocillopora  ,245  ,244.0  ,Pocillopora  ,217  ,236.29  
910,,,,,,,Pocillopora_dead  ,250  ,59.57  ,,,
911,,,,,,,Pocillopora_dead  ,254  ,291.22  ,,,
912,,,,,,,Pocillopora_dead  ,256  ,38.16  ,,,
913,,,,,,,Pocillopora_dead  ,258  ,532.4  ,Pocillopora_dead  Pocillopora_dead  ,233  246  ,17.77  2.71  
914,,,,,,,Pocillopora_dead  ,260  ,90.43  ,,,
915,,,,,,,Pocillopora_dead  ,266  ,134.06  ,,,
916,,,,,,,Pocillopora_dead  ,269  ,72.48  ,,,
917,,,,,,,Pocillopora_dead  ,271  ,72.86  ,,,
918,,,,,,,Pocillopora_dead  ,273  ,83.85  ,,,
919,,,,,,,Pocillopora  ,275  ,45.52  ,,,
920,,,,,,,Pocillopora_dead  ,278  ,25.02  ,,,
921,,,,,,,Pocillopora_dead  ,279  ,619.27  ,Pocillopora_dead  ,253  ,548.17  
922,,,,,,,Pocillopora_dead  ,281  ,31.49  ,,,
923,,,,,,,Pocillopora_dead  ,285  ,960.93  ,,,
924,,,,,,,Pocillopora_dead  ,288  ,53.87  ,,,
925,,,,,,,Pocillopora_dead  ,290  ,31.23  ,,,
926,,,,,,,Pocillopora_dead  ,291  ,1244.39  ,,,
927,,,,,,,Pocillopora_dead  ,297  ,529.44  ,,,
928,,,,,,,Pocillopora_dead  ,298  ,17.26  ,,,
929,,,,,,,Pocillopora_dead  ,300  ,204.98  ,,,
930,,,,,,,Pocillopora_dead  ,303  ,214.64  ,,,
931,,,,,,,Pocillopora_dead  ,309  ,62.43  ,,,
932,,,,,,,Pocillopora_dead  ,311  ,559.03  ,Pocillopora_dead  ,269  ,582.64  
933,,,,,,,Pocillopora_dead  ,323  ,79.12  ,,,
934,,,,,,,Pocillopora_dead  ,342  ,18.34  ,,,
935,,,,,,,Pocillopora_dead  ,347  ,851.16  ,Pocillopora_dead  ,311  ,830.1  
936,,,,,,,Pocillopora_dead  ,354  ,76.84  ,,,
937,,,,,,,Pocillopora_dead  ,358  ,28.4  ,,,
938,,,,,,,Pocillopora_dead  ,362  ,1357.33  ,,,
939,,,,,,,Pocillopora_dead  ,363  ,415.69  ,,,
940,,,,,,,Pocillopora_dead  ,365  ,200.44  ,,,
941,,,,,,,Pocillopora_dead  ,368  ,46.83  ,Pocillopora_dead  ,323  ,153.76  
942,,,,,,,Pocillopora_dead  ,371  ,112.17  ,Pocillopora_dead  ,333  ,20.95  
943,,,,,,,Pocillopora_dead  ,376  ,8.22  ,,,
944,,,,,,,Pocillopora_dead  ,378  ,11.5  ,,,
945,,,,,,,Pocillopora_dead  ,379  ,23.63  ,,,
946,,,,,,,Pocillopora_dead  ,381  ,22.67  ,,,
947,,,,,,,Pocillopora_dead  ,387  ,159.8  ,,,
948,,,,,,,Pocillopora_dead  ,393  ,327.83  ,,,
949,,,,,,,Pocillopora_dead  ,394  ,579.78  ,,,
950,,,,,,,Pocillopora_dead  ,396  ,834.74  ,,,
951,,,,,,,Pocillopora_dead  ,397  ,93.64  ,,,
952,,,,,,,Pocillopora_dead  ,398  ,57.73  ,,,
953,,,,,,,Pocillopora_dead  ,399  ,216.02  ,,,
954,,,,,,,Pocillopora_dead  ,400  ,23.38  ,,,
955,,,,,,,Pocillopora_dead  ,404  ,119.79  ,,,
956,,,,,,,Pocillopora_dead  ,405  ,36.63  ,,,
957,,,,,,,Pocillopora_dead  ,409  ,109.21  ,,,
958,,,,,,,Pocillopora_dead  ,410  ,6.17  ,,,
959,,,,,,,Pocillopora_dead  ,417  ,833.14  ,,,
960,,,,,,,Pocillopora_dead  ,422  ,32.16  ,,,
961,,,,,,,Pocillopora_dead  ,424  ,39.29  ,,,
962,,,,,,,Pocillopora_dead  ,430  ,416.63  ,,,
963,,,,,,,Pocillopora_dead  ,431  ,193.38  ,,,
964,,,,,,,Pocillopora_dead  ,434  ,802.47  ,,,
965,,,,,,,Pocillopora_dead  ,436  ,52.57  ,,,
966,,,,,,,Pocillopora_dead  ,440  ,59.17  ,,,
967,,,,,,,Pocillopora_dead  ,446  ,75.13  ,,,
968,,,,,,,Pocillopora_dead  ,456  ,696.93  ,,,
969,,,,,,,Pocillopora_dead  ,458  ,327.23  ,,,
970,,,,,,,Pocillopora_dead  ,461  ,564.6  ,,,
971,,,,,,,Pocillopora  ,463  ,137.07  ,,,
972,,,,,,,Pocillopora_dead  ,465  ,179.95  ,,,
973,,,,,,,Pocillopora_dead  ,469  ,818.35  ,Pocillopora_dead  ,404  ,419.68  
974,,,,,,,Pocillopora_dead  ,471  ,259.51  ,,,
975,,,,,,,Pocillopora_dead  ,472  ,105.1  ,,,
976,,,,,,,Pocillopora_dead  ,474  ,397.04  ,,,
977,,,,,,,Pocillopora_dead  ,480  ,34.09  ,,,
978,,,,,,,Pocillopora  ,482  ,23.4  ,,,
979,,,,,,,Pocillopora_dead  ,493  ,157.16  ,,,
980,,,,,,,Pocillopora_dead  ,501  ,535.07  ,,,
981,,,,,,,Pocillopora_dead  ,505  ,70.66  ,,,
982,,,,,,,Pocillopora_dead  ,508  ,14.89  ,Pocillopora_dead  ,432  ,13.08  
983,,,,,,,Pocillopora_dead  ,509  ,32.31  ,,,
984,,,,,,,Pocillopora_dead  ,513  ,660.1  ,,,
985,,,,,,,Pocillopora  ,515  ,21.76  ,,,
986,,,,,,,Pocillopora_dead  Pocillopora_dead  ,517  524  ,37.28  21.96  ,Pocillopora_dead  ,444  ,115.56  
987,,,,,,,Pocillopora_dead  ,520  ,54.82  ,,,
988,,,,,,,Pocillopora_dead  ,522  ,389.63  ,,,
989,,,,,,,Pocillopora_dead  ,526  ,78.93  ,,,
990,,,,,,,Pocillopora  ,528  ,34.09  ,,,
991,,,,,,,Pocillopora_dead  ,533  ,97.15  ,Pocillopora_dead  ,473  ,3.67  
992,,,,,,,Pocillopora_dead  ,534  ,284.71  ,Pocillopora_dead  ,466  ,799.61  
993,,,,,,,Pocillopora_dead  ,538  ,48.85  ,Pocillopora_dead  ,477  ,2.34  
994,,,,,,,Pocillopora  ,540  ,155.78  ,Pocillopora  ,476  ,127.3  
995,,,,,,,Pocillopora_dead  ,543  ,59.04  ,,,
996,,,,,,,Pocillopora_dead  ,544  ,352.78  ,Pocillopora_dead  ,488  ,163.39  
997,,,,,,,Pocillopora_dead  ,546  ,103.31  ,,,
998,,,,,,,Pocillopora_dead  ,549  ,22.27  ,,,
999,,,,,,,Pocillopora_dead  ,550  ,376.13  ,,,
1000,,,,,,,Pocillopora_dead  ,554  ,68.11  ,,,
1001,,,,,,,Pocillopora_dead  ,557  ,513.86  ,Pocillopora_dead  ,497  ,519.2  
1002,,,,,,,Pocillopora_dead  ,558  ,41.28  ,,,
1003,,,,,,,Pocillopora  ,559  ,98.78  ,,,
1004,,,,,,,Pocillopora_dead  ,560  ,453.63  ,Pocillopora_dead  ,495  ,619.83  
1005,,,,,,,Pocillopora  ,562  ,95.55  ,,,
1006,,,,,,,Pocillopora_dead  ,563  ,207.35  ,Pocillopora_dead  ,507  ,236.94  
1007,,,,,,,Pocillopora_dead  ,566  ,117.52  ,,,
1008,,,,,,,Pocillopora_dead  ,569  ,376.02  ,,,
1009,,,,,,,Pocillopora_dead  ,570  ,67.32  ,,,
1010,,,,,,,Pocillopora_dead  ,573  ,453.98  ,Pocillopora_dead  ,528  ,41.32  
1011,,,,,,,Pocillopora_dead  ,576  ,110.32  ,,,
1012,,,,,,,Pocillopora_dead  ,577  ,106.95  ,,,
1013,,,,,,,Pocillopora_dead  ,582  ,27.56  ,Pocillopora_dead  ,524  ,8.36  
1014,,,,,,,Pocillopora  ,587  ,13.31  ,,,
1015,,,,,,,Pocillopora_dead  ,589  ,11.25  ,Pocillopora_dead  ,532  ,84.78  
1016,,,,,,,Pocillopora  ,599  ,40.57  ,Pocillopora  ,541  ,50.61  
1017,,,,,,,Pocillopora_dead  ,602  ,89.0  ,Pocillopora_dead  ,553  ,1.08  
1018,,,,,,,Pocillopora_dead  ,603  ,345.34  ,,,
1019,,,,,,,Pocillopora_dead  ,607  ,86.21  ,Pocillopora_dead  ,551  ,182.61  
1020,,,,,,,Pocillopora_dead  ,612  ,41.02  ,,,
1021,,,,,,,Pocillopora_dead  ,613  ,568.58  ,,,
1022,,,,,,,Pocillopora  ,614  ,48.97  ,,,
1023,,,,,,,Pocillopora  ,617  ,20.6  ,,,
1024,,,,,,,Pocillopora_dead  ,622  ,153.13  ,,,
1025,,,,,,,Pocillopora  ,625  ,35.67  ,Pocillopora  ,560  ,49.47  
1026,,,,,,,Pocillopora_dead  ,629  ,34.59  ,,,
1027,,,,,,,Pocillopora_dead  ,631  ,37.29  ,,,
1028,,,,,,,Pocillopora_dead  ,638  ,346.38  ,,,
1029,,,,,,,Pocillopora_dead  ,642  ,628.77  ,,,
1030,,,,,,,Pocillopora_dead  ,644  ,76.85  ,,,
1031,,,,,,,Pocillopora_dead  Pocillopora_dead  ,647  661  ,224.87  266.35  ,Pocillopora_dead  ,579  ,509.6  
1032,,,,,,,Pocillopora_dead  ,658  ,66.08  ,Pocillopora_dead  ,588  ,5.55  
1033,,,,,,,Pocillopora_dead  Pocillopora_dead  Pocillopora_dead  ,664  672  680  ,14.66  58.48  676.58  ,Pocillopora_dead  ,589  ,1007.59  
1034,,,,,,,Pocillopora_dead  ,667  ,177.49  ,,,
1035,,,,,,,Pocillopora_dead  ,674  ,46.4  ,,,
1036,,,,,,,Pocillopora  ,679  ,28.91  ,,,
1037,,,,,,,Pocillopora_dead  ,686  ,71.54  ,,,
1038,,,,,,,Pocillopora_dead  ,688  ,352.27  ,,,
1039,,,,,,,Pocillopora_dead  ,689  ,83.77  ,,,
1040,,,,,,,Pocillopora  ,694  ,317.43  ,Pocillopora  Pocillopora  ,619  629  ,342.91  30.44  
1041,,,,,,,Pocillopora_dead  ,696  ,28.59  ,,,
1042,,,,,,,Pocillopora_dead  ,699  ,42.88  ,,,
1043,,,,,,,Pocillopora  ,711  ,62.77  ,Pocillopora  Pocillopora  ,639  644  ,3.26  2.25  
1044,,,,,,,Pocillopora_dead  ,712  ,143.14  ,Pocillopora_dead  ,638  ,199.73  
1045,,,,,,,Pocillopora_dead  ,714  ,212.81  ,Pocillopora_dead  ,647  ,100.78  
1046,,,,,,,Pocillopora_dead  ,716  ,61.64  ,Pocillopora_dead  ,648  ,45.96  
1047,,,,,,,Pocillopora_dead  ,720  ,55.06  ,,,
1048,,,,,,,Pocillopora_dead  ,721  ,27.8  ,,,
1049,,,,,,,Pocillopora_dead  ,723  ,365.67  ,Pocillopora_dead  ,649  ,400.13  
1050,,,,,,,Acropora  ,724  ,72.01  ,,,
1051,,,,,,,,,,Pocillopora  ,0  ,190.86  
1052,,,,,,,,,,Pocillopora_dead  ,1  ,3.27  
1053,,,,,,,,,,Pocillopora_dead  ,5  ,1976.67  
1054,,,,,,,,,,Pocillopora  ,10  ,13.62  
1055,,,,,,,,,,Pocillopora_dead  ,11  ,23.53  
1056,,,,,,,,,,Pocillopora_dead  ,12  ,1951.29  
1057,,,,,,,,,,Pocillopora_dead  ,14  ,1.98  
1058,,,,,,,,,,Pocillopora_dead  ,17  ,61.04  
1059,,,,,,,,,,Pocillopora_dead  ,18  ,19.58  
1060,,,,,,,,,,Pocillopora  ,20  ,19.81  
1061,,,,,,,,,,Pocillopora  ,21  ,14.37  
1062,,,,,,,,,,Pocillopora  ,23  ,334.54  
1063,,,,,,,,,,Pocillopora_dead  ,35  ,215.03  
1064,,,,,,,,,,Pocillopora_dead  ,36  ,316.36  
1065,,,,,,,,,,Pocillopora_dead  ,39  ,3.2  
1066,,,,,,,,,,Pocillopora  ,41  ,6.57  
1067,,,,,,,,,,Pocillopora  ,42  ,2.4  
1068,,,,,,,,,,Pocillopora_dead  ,43  ,115.97  
1069,,,,,,,,,,Pocillopora_dead  ,44  ,52.62  
1070,,,,,,,,,,Pocillopora_dead  ,45  ,7.73  
1071,,,,,,,,,,Pocillopora_dead  ,51  ,72.43  
1072,,,,,,,,,,Pocillopora  ,52  ,257.51  
1073,,,,,,,,,,Pocillopora_dead  ,53  ,13.28  
1074,,,,,,,,,,Pocillopora_dead  ,56  ,16.73  
1075,,,,,,,,,,Pocillopora  ,59  ,20.16  
1076,,,,,,,,,,Pocillopora_dead  ,60  ,100.15  
1077,,,,,,,,,,Pocillopora  ,62  ,18.19  
1078,,,,,,,,,,Pocillopora  ,63  ,241.39  
1079,,,,,,,,,,Pocillopora  ,69  ,48.76  
1080,,,,,,,,,,Pocillopora_dead  ,70  ,66.2  
1081,,,,,,,,,,Pocillopora  ,71  ,141.54  
1082,,,,,,,,,,Pocillopora_dead  ,72  ,2.48  
1083,,,,,,,,,,Pocillopora  ,75  ,82.77  
1084,,,,,,,,,,Pocillopora  ,79  ,2.23  
1085,,,,,,,,,,Pocillopora  ,80  ,15.53  
1086,,,,,,,,,,Pocillopora_dead  ,97  ,78.87  
1087,,,,,,,,,,Pocillopora_dead  ,101  ,5.48  
1088,,,,,,,,,,Pocillopora_dead  ,105  ,7.57  
1089,,,,,,,,,,Pocillopora_dead  ,106  ,10.15  
1090,,,,,,,,,,Pocillopora_dead  ,112  ,94.0  
1091,,,,,,,,,,Pocillopora_dead  ,114  ,90.09  
1092,,,,,,,,,,Pocillopora_dead  ,117  ,17.1  
1093,,,,,,,,,,Pocillopora_dead  ,119  ,2.82  
1094,,,,,,,,,,Pocillopora_dead  ,122  ,1.84  
1095,,,,,,,,,,Pocillopora_dead  ,123  ,4.1  
1096,,,,,,,,,,Pocillopora_dead  ,131  ,54.57  
1097,,,,,,,,,,Pocillopora_dead  ,134  ,21.48  
1098,,,,,,,,,,Pocillopora_dead  ,138  ,43.04  
1099,,,,,,,,,,Pocillopora  ,141  ,61.79  
1100,,,,,,,,,,Pocillopora_dead  ,149  ,7.17  
1101,,,,,,,,,,Pocillopora_dead  ,151  ,13.58  
1102,,,,,,,,,,Pocillopora  ,154  ,27.63  
1103,,,,,,,,,,Pocillopora  ,155  ,172.34  
1104,,,,,,,,,,Pocillopora_dead  ,158  ,2.49  
1105,,,,,,,,,,Pocillopora_dead  ,165  ,78.39  
1106,,,,,,,,,,Pocillopora_dead  ,169  ,1.11  
1107,,,,,,,,,,Pocillopora_dead  ,170  ,5.02  
1108,,,,,,,,,,Pocillopora  ,171  ,9.34  
1109,,,,,,,,,,Pocillopora  ,174  ,80.48  
1110,,,,,,,,,,Pocillopora_dead  ,175  ,4.15  
1111,,,,,,,,,,Pocillopora  ,177  ,95.57  
1112,,,,,,,,,,Pocillopora  ,180  ,11.95  
1113,,,,,,,,,,Pocillopora_dead  ,189  ,13.66  
1114,,,,,,,,,,Pocillopora_dead  ,190  ,30.0  
1115,,,,,,,,,,Pocillopora_dead  ,191  ,12.45  
1116,,,,,,,,,,Pocillopora_dead  ,192  ,21.87  
1117,,,,,,,,,,Pocillopora  ,193  ,50.13  
1118,,,,,,,,,,Pocillopora_dead  ,194  ,172.9  
1119,,,,,,,,,,Pocillopora_dead  ,201  ,6.05  
1120,,,,,,,,,,Pocillopora  ,205  ,65.2  
1121,,,,,,,,,,Pocillopora_dead  ,209  ,3.82  
1122,,,,,,,,,,Pocillopora  ,214  ,75.43  
1123,,,,,,,,,,Pocillopora  ,219  ,32.78  
1124,,,,,,,,,,Pocillopora_dead  ,221  ,5.52  
1125,,,,,,,,,,Pocillopora_dead  ,222  ,5.59  
1126,,,,,,,,,,Pocillopora_dead  ,226  ,43.07  
1127,,,,,,,,,,Pocillopora  ,231  ,3.89  
1128,,,,,,,,,,Pocillopora  ,234  ,267.61  
1129,,,,,,,,,,Pocillopora_dead  ,238  ,891.47  
1130,,,,,,,,,,Pocillopora_dead  ,242  ,45.83  
1131,,,,,,,,,,Pocillopora_dead  ,249  ,25.77  
1132,,,,,,,,,,Pocillopora  ,251  ,4.62  
1133,,,,,,,,,,Pocillopora_dead  ,252  ,15.85  
1134,,,,,,,,,,Pocillopora  ,254  ,7.9  
1135,,,,,,,,,,Pocillopora_dead  ,255  ,34.35  
1136,,,,,,,,,,Pocillopora_dead  ,256  ,41.38  
1137,,,,,,,,,,Pocillopora_dead  ,261  ,6.86  
1138,,,,,,,,,,Pocillopora  ,271  ,7.57  
1139,,,,,,,,,,Pocillopora_dead  ,273  ,3.15  
1140,,,,,,,,,,Pocillopora_dead  ,276  ,38.45  
1141,,,,,,,,,,Pocillopora_dead  ,282  ,11.05  
1142,,,,,,,,,,Pocillopora  ,284  ,107.19  
1143,,,,,,,,,,Pocillopora_dead  ,286  ,141.61  
1144,,,,,,,,,,Pocillopora_dead  ,287  ,4.5  
1145,,,,,,,,,,Pocillopora  ,290  ,45.73  
1146,,,,,,,,,,Pocillopora_dead  ,291  ,4.43  
1147,,,,,,,,,,Pocillopora  ,295  ,2.54  
1148,,,,,,,,,,Pocillopora_dead  ,298  ,16.53  
1149,,,,,,,,,,Pocillopora  ,300  ,3.65  
1150,,,,,,,,,,Pocillopora  ,303  ,65.77  
1151,,,,,,,,,,Pocillopora_dead  ,304  ,58.87  
1152,,,,,,,,,,Pocillopora_dead  ,305  ,39.93  
1153,,,,,,,,,,Pocillopora_dead  ,306  ,180.15  
1154,,,,,,,,,,Pocillopora_dead  ,314  ,19.13  
1155,,,,,,,,,,Pocillopora  ,326  ,10.44  
1156,,,,,,,,,,Pocillopora_dead  ,336  ,38.19  
1157,,,,,,,,,,Pocillopora_dead  ,337  ,2.57  
1158,,,,,,,,,,Pocillopora  ,340  ,420.39  
1159,,,,,,,,,,Pocillopora  ,343  ,5.35  
1160,,,,,,,,,,Pocillopora  ,349  ,57.82  
1161,,,,,,,,,,Pocillopora_dead  ,351  ,9.84  
1162,,,,,,,,,,Pocillopora  ,355  ,13.47  
1163,,,,,,,,,,Pocillopora  ,357  ,1.07  
1164,,,,,,,,,,Pocillopora  ,358  ,15.65  
1165,,,,,,,,,,Pocillopora  ,367  ,7.97  
1166,,,,,,,,,,Pocillopora  ,369  ,3.83  
1167,,,,,,,,,,Pocillopora_dead  ,373  ,63.91  
1168,,,,,,,,,,Pocillopora_dead  ,376  ,3.28  
1169,,,,,,,,,,Pocillopora_dead  ,378  ,22.44  
1170,,,,,,,,,,Pocillopora_dead  ,381  ,11.79  
1171,,,,,,,,,,Pocillopora_dead  ,382  ,31.84  
1172,,,,,,,,,,Pocillopora_dead  ,383  ,15.7  
1173,,,,,,,,,,Pocillopora_dead  ,385  ,2.39  
1174,,,,,,,,,,Pocillopora  ,389  ,74.87  
1175,,,,,,,,,,Pocillopora_dead  ,390  ,1.39  
1176,,,,,,,,,,Pocillopora_dead  ,393  ,74.96  
1177,,,,,,,,,,Pocillopora_dead  ,395  ,7.79  
1178,,,,,,,,,,Pocillopora_dead  ,403  ,3.46  
1179,,,,,,,,,,Pocillopora  ,405  ,382.79  
1180,,,,,,,,,,Pocillopora_dead  ,407  ,31.34  
1181,,,,,,,,,,Pocillopora  ,409  ,16.79  
1182,,,,,,,,,,Pocillopora_dead  ,410  ,28.44  
1183,,,,,,,,,,Pocillopora  ,411  ,54.64  
1184,,,,,,,,,,Pocillopora_dead  ,419  ,30.26  
1185,,,,,,,,,,Pocillopora  ,420  ,18.83  
1186,,,,,,,,,,Pocillopora_dead  ,426  ,21.89  
1187,,,,,,,,,,Pocillopora_dead  ,427  ,4.29  
1188,,,,,,,,,,Pocillopora_dead  ,431  ,92.75  
1189,,,,,,,,,,Pocillopora_dead  ,433  ,100.2  
1190,,,,,,,,,,Pocillopora_dead  ,434  ,35.76  
1191,,,,,,,,,,Pocillopora  ,435  ,79.38  
1192,,,,,,,,,,Pocillopora  ,440  ,22.65  
1193,,,,,,,,,,Pocillopora_dead  ,441  ,1.2  
1194,,,,,,,,,,Acropora  ,442  ,39.85  
1195,,,,,,,,,,Pocillopora  ,449  ,8.76  
1196,,,,,,,,,,Pocillopora_dead  ,450  ,6.76  
1197,,,,,,,,,,Pocillopora_dead  ,453  ,50.02  
1198,,,,,,,,,,Pocillopora_dead  ,455  ,3.01  
1199,,,,,,,,,,Pocillopora_dead  ,456  ,2.08  
1200,,,,,,,,,,Pocillopora_dead  ,458  ,2.09  
1201,,,,,,,,,,Pocillopora_dead  ,459  ,57.61  
1202,,,,,,,,,,Pocillopora_dead  ,460  ,4.27  
1203,,,,,,,,,,Pocillopora_dead  ,461  ,8.03  
1204,,,,,,,,,,Pocillopora_dead  ,462  ,77.54  
1205,,,,,,,,,,Pocillopora_dead  ,465  ,36.71  
1206,,,,,,,,,,Pocillopora_dead  ,469  ,55.74  
1207,,,,,,,,,,Pocillopora_dead  ,474  ,54.2  
1208,,,,,,,,,,Pocillopora_dead  ,478  ,27.82  
1209,,,,,,,,,,Pocillopora  ,480  ,120.76  
1210,,,,,,,,,,Pocillopora  ,481  ,0.45  
1211,,,,,,,,,,Pocillopora  ,482  ,3.31  
1212,,,,,,,,,,Pocillopora  ,485  ,7.19  
1213,,,,,,,,,,Pocillopora_dead  ,486  ,11.46  
1214,,,,,,,,,,Pocillopora  ,487  ,70.14  
1215,,,,,,,,,,Pocillopora_dead  ,489  ,2.35  
1216,,,,,,,,,,Pocillopora_dead  ,492  ,2.15  
1217,,,,,,,,,,Pocillopora_dead  ,493  ,44.95  
1218,,,,,,,,,,Pocillopora  ,494  ,108.07  
1219,,,,,,,,,,Pocillopora_dead  ,496  ,56.02  
1220,,,,,,,,,,Pocillopora_dead  ,501  ,10.98  
1221,,,,,,,,,,Pocillopora_dead  ,502  ,2526.98  
1222,,,,,,,,,,Pocillopora_dead  ,506  ,7.01  
1223,,,,,,,,,,Pocillopora_dead  ,509  ,51.94  
1224,,,,,,,,,,Pocillopora_dead  ,514  ,35.9  
1225,,,,,,,,,,Pocillopora_dead  ,519  ,11.47  
1226,,,,,,,,,,Pocillopora_dead  ,521  ,10.07  
1227,,,,,,,,,,Pocillopora  ,526  ,10.99  
1228,,,,,,,,,,Pocillopora  ,531  ,19.25  
1229,,,,,,,,,,Pocillopora_dead  ,538  ,22.12  
1230,,,,,,,,,,Pocillopora_dead  ,543  ,471.49  
1231,,,,,,,,,,Pocillopora_dead  ,548  ,28.09  
1232,,,,,,,,,,Pocillopora_dead  ,550  ,183.76  
1233,,,,,,,,,,Pocillopora  ,557  ,2.32  
1234,,,,,,,,,,Pocillopora_dead  ,562  ,32.6  
1235,,,,,,,,,,Pocillopora_dead  ,567  ,39.28  
1236,,,,,,,,,,Pocillopora  ,572  ,28.91  
1237,,,,,,,,,,Pocillopora_dead  ,576  ,2475.86  
1238,,,,,,,,,,Pocillopora_dead  ,583  ,17.7  
1239,,,,,,,,,,Pocillopora_dead  ,595  ,7.91  
1240,,,,,,,,,,Pocillopora  ,599  ,130.73  
1241,,,,,,,,,,Pocillopora_dead  ,605  ,40.84  
1242,,,,,,,,,,Pocillopora_dead  ,607  ,7.55  
1243,,,,,,,,,,Pocillopora_dead  ,611  ,3.37  
1244,,,,,,,,,,Pocillopora  ,613  ,6.63  
1245,,,,,,,,,,Pocillopora_dead  ,618  ,37.21  
1246,,,,,,,,,,Pocillopora_dead  ,620  ,13.78  
1247,,,,,,,,,,Pocillopora  ,621  ,32.23  
1248,,,,,,,,,,Pocillopora_dead  ,622  ,4.34  
1249,,,,,,,,,,Pocillopora  ,623  ,27.63  
1250,,,,,,,,,,Pocillopora_dead  ,627  ,56.74  
1251,,,,,,,,,,Pocillopora_dead  ,628  ,20.85  
1252,,,,,,,,,,Pocillopora  ,630  ,114.03  
1253,,,,,,,,,,Pocillopora  ,635  ,139.46  
1254,,,,,,,,,,Pocillopora  ,640  ,41.56  
1255,,,,,,,,,,Pocillopora_dead  ,642  ,107.98  
1256,,,,,,,,,,Pocillopora_dead  ,643  ,4.42  
1257,,,,,,,,,,Pocillopora  ,645  ,65.49  
1258,,,,,,,,,,Pocillopora_dead  ,646  ,24.61  
1259,,,,,,,,,,Pocillopora  ,651  ,5.5  
1260,,,,,,,,,,Pocillopora  ,652  ,5.41  
1261,,,,,,,,,,Pocillopora_dead  ,653  ,1.72  
